כתובת,"מ""ר",תאריך עסקה,מחיר,גוש/חלקה/תת-חלקה,סוג נכס,חדרים,קומה,שנת בנייה,"מחיר למ""ר",קומות במבנה
ללא כתובת,95,04/02/2025,"1,400,000 ₪",11188-61-47,דירה בבית קומות,3,שישית,0,"14,737 ₪",0
"האר""י 6",75.3,02/02/2025,"1,250,000 ₪",11188-118-19,דירה בבית קומות,4,ראשונה,1970,"16,600 ₪",3
הרב קניאל 11,67.8,28/01/2025,"1,090,000 ₪",10870-98-35,דירה בבית קומות,3,שישית,1970,"16,269 ₪",22
הרב קניאל 11,67.8,25/09/2020,"700,000 ₪",10870-98-35,דירה בבית קומות,3,שישית,1970,"16,269 ₪",22
הרב קניאל 11,68.9,28/01/2025,"1,178,000 ₪",10870-98-104,דירה בבית קומות,3,שבע עשרה,1970,"17,097 ₪",22
הרב קניאל 11,83.1,09/01/2025,"1,190,000 ₪",10870-98-91,דירה בבית קומות,4,חמש עשרה,1970,"14,320 ₪",22
ללא כתובת,40.3,22/12/2024,"780,000 ₪",10867-217-8,דירה בבית קומות,2.5,שלישית,0,"19,500 ₪",0
ללא כתובת,40.3,27/10/2021,"640,000 ₪",10867-217-8,דירה בבית קומות,2.5,שלישית,0,"19,500 ₪",0
ללא כתובת,40.3,06/08/2012,"425,000 ₪",10867-217-8,דירה בבית קומות,2.5,שלישית,0,"19,500 ₪",0
ללא כתובת,40.3,23/06/2009,"160,000 ₪",10867-217-8,דירה בבית קומות,2.5,שלישית,0,"19,500 ₪",0
מקור ברוך 2,95.45,11/12/2024,"1,720,000 ₪",11188-97-6,דירה בבית קומות,4,שלישית,1960,"18,020 ₪",3
ללא כתובת,70.6,27/11/2024,"1,420,000 ₪",10867-181-1,דירה בבית קומות,3.5,קרקע,0,"20,286 ₪",0
ללא כתובת,70.6,11/07/2010,"620,000 ₪",10867-181-1,דירה בבית קומות,3.5,קרקע,0,"20,286 ₪",0
ללא כתובת,70.6,12/08/2001,"296,000 ₪",10867-181-1,דירה בבית קומות,3.5,קרקע,0,"20,286 ₪",0
ללא כתובת,51,24/11/2024,"1,190,000 ₪",10867-122-2,דירה בבית קומות,2.5,קרקע,0,"23,333 ₪",0
ללא כתובת,51,03/09/2014,"600,000 ₪",10867-122-2,דירה בבית קומות,2.5,קרקע,0,"23,333 ₪",0
ללא כתובת,51,02/08/2009,"345,000 ₪",10867-122-2,דירה בבית קומות,2.5,קרקע,0,"23,333 ₪",0
מקור ברוך 18,51,05/11/2024,"930,000 ₪",11188-84-2,דירה בבית קומות,3,קרקע,1960,"18,235 ₪",3
ללא כתובת,96,31/10/2024,"1,324,000 ₪",11188-61-48,דירה בבית קומות,3,תשיעית,0,"13,792 ₪",0
הרב קניאל 11,68.9,21/10/2024,"512,000 ₪",10870-98-14,דירה בבית קומות,3,שניה,1970,"7,529 ₪",22
הרב קניאל 11,68.9,06/11/2015,"390,000 ₪",10870-98-14,דירה בבית קומות,3,שניה,1970,"7,529 ₪",22
ללא כתובת,53.6,10/10/2024,"925,000 ₪",10867-122-9,דירה בבית קומות,3,שלישית,0,"17,257 ₪",0
אליעזר 1,93.5,09/10/2024,"2,222,200 ₪",11188-77-1,דירה בבית קומות,5,קרקע,1950,"23,767 ₪",2
מקור ברוך 8,63.7,08/10/2024,"1,450,000 ₪",11188-98-13,דירה בבית קומות,3,שניה,1960,"22,763 ₪",3
מקור ברוך 3,32,16/09/2024,"1,100,000 ₪",11188-77-21,דירה בבית קומות,2,ראשונה,1950,"34,375 ₪",2
מקור ברוך 3,32,20/11/2016,"730,000 ₪",11188-77-21,דירה בבית קומות,2,ראשונה,1950,"34,375 ₪",2
מקור ברוך 3,32,01/06/2008,"175,000 ₪",11188-77-21,דירה בבית קומות,2,ראשונה,1950,"34,375 ₪",2
ללא כתובת,83.64,29/08/2024,"1,400,000 ₪",10867-201-1,דירה בבית קומות,4,מסד,0,"16,867 ₪",0
ללא כתובת,83.64,16/03/2017,"300,000 ₪",10867-201-1,דירה בבית קומות,4,מסד,0,"16,867 ₪",0
ללא כתובת,83.64,13/12/2012,"235,000 ₪",10867-201-1,דירה בבית קומות,4,מסד,0,"16,867 ₪",0
ללא כתובת,83.64,25/08/2011,"201,000 ₪",10867-201-1,דירה בבית קומות,4,מסד,0,"16,867 ₪",0
הרב קניאל 11,68.9,15/08/2024,"1,150,000 ₪",10870-98-134,דירה בבית קומות,3,עשרים ושתיים,1970,"16,691 ₪",22
מקור ברוך 18,27,07/08/2024,"450,000 ₪",11188-84-3,דירה בבית קומות,1,קרקע,1960,"16,667 ₪",3
ללא כתובת,54.85,30/06/2024,"930,000 ₪",10867-124-13,דירה בבית קומות,3,שניה,0,"17,222 ₪",0
ללא כתובת,54.85,18/01/2017,"620,000 ₪",10867-124-13,דירה בבית קומות,3,שניה,0,"17,222 ₪",0
ללא כתובת,82.65,24/06/2024,"1,665,000 ₪",10867-181-3,דירה בבית קומות,3,שניה,0,"20,145 ₪",0
זבולון 9,48.3,19/06/2024,"985,000 ₪",10907-30-8,דירה בבית קומות,2,שניה,1950,"20,521 ₪",3
זבולון 9,48.3,14/06/2011,"400,000 ₪",10907-30-8,דירה בבית קומות,2,שניה,1950,"20,521 ₪",3
ללא כתובת,96,12/05/2024,"1,400,000 ₪",11188-61-49,דירה בבית קומות,3,תשיעית,0,"14,583 ₪",0
ללא כתובת,56.5,05/05/2024,"1,000,000 ₪",10907-42-1,דירה בבית קומות,3,קרקע,0,"17,857 ₪",0
ללא כתובת,56.5,11/09/2019,"788,000 ₪",10907-42-1,דירה בבית קומות,3,קרקע,0,"17,857 ₪",0
ללא כתובת,56.5,28/10/2009,"215,000 ₪",10907-42-1,דירה בבית קומות,3,קרקע,0,"17,857 ₪",0
ללא כתובת,56.5,23/06/2009,"210,000 ₪",10907-42-1,דירה בבית קומות,3,קרקע,0,"17,857 ₪",0
מקור ברוך 13,לא ידוע,16/04/2024,"1,650,000 ₪",11188-144-3,דירה בבית קומות,1,ראשונה,1990,לא ידוע,1
אהבת ישראל 6,130,08/04/2024,"2,050,000 ₪",11188-1-15,דירה בבית קומות,6,רביעית,2000,"15,769 ₪",8
הרב קניאל 1,100,02/04/2024,"1,620,000 ₪",10870-99-17,דירה בבית קומות,4,ראשונה,1970,"16,200 ₪",4
אהבת ישראל 14,79.91,01/04/2024,"1,850,000 ₪",11188-130-11,דירה בבית קומות,3,שישית,2010,"23,151 ₪",8
ארנון 6,34.1,27/03/2024,"640,000 ₪",10907-35-1,דירה בבית קומות,2,קרקע,1950,"18,824 ₪",3
ארנון 6,34.1,26/12/2012,"345,000 ₪",10907-35-1,דירה בבית קומות,2,קרקע,1950,"18,824 ₪",3
הרב קניאל 1,104,14/03/2024,"1,650,000 ₪",10870-99-16,דירה בבית קומות,4,שלישית,1970,"15,865 ₪",4
ללא כתובת,52.4,18/02/2024,"1,100,000 ₪",10867-122-12,דירה בבית קומות,3,רביעית,0,"21,154 ₪",0
ללא כתובת,52.4,13/04/2003,"330,000 ₪",10867-122-12,דירה בבית קומות,3,רביעית,0,"21,154 ₪",0
ללא כתובת,52.4,24/12/1999,"366,000 ₪",10867-122-12,דירה בבית קומות,3,רביעית,0,"21,154 ₪",0
זבולון 15,35.5,15/02/2024,"600,000 ₪",10907-36-7,דירה בבית קומות,2,ראשונה,1950,"17,143 ₪",3
זבולון 15,35.5,01/09/2020,"535,000 ₪",10907-36-7,דירה בבית קומות,2,ראשונה,1950,"17,143 ₪",3
זבולון 15,35.5,18/04/2005,"105,000 ₪",10907-36-7,דירה בבית קומות,2,ראשונה,1950,"17,143 ₪",3
מקור ברוך 18,30.5,24/01/2024,"1,200,000 ₪",11188-84-7,דירה בבית קומות,2.5,שניה,1960,"39,344 ₪",3
"האר""י 20",134.8,16/01/2024,"1,725,000 ₪",11188-121-2,דירה בבית קומות,5,ראשונה שניה,1970,"12,873 ₪",5
"האר""י 20",134.8,14/03/2018,"1,350,000 ₪",11188-121-2,דירה בבית קומות,5,ראשונה שניה,1970,"12,873 ₪",5
אהבת ישראל 8,1782,08/01/2024,"8,812,000 ₪",11188-127-1,קרקע למגורים,לא ידוע,לא ידוע,0,"4,945 ₪",0
מקור ברוך 2,106.6,07/01/2024,"700,000 ₪",11188-97-1,דירה בבית קומות,4,ראשונה,1960,"6,567 ₪",3
ללא כתובת,27,04/01/2024,"450,000 ₪",10867-126-5,דירה בבית קומות,2,ראשונה,0,"16,667 ₪",0
ללא כתובת,27,20/02/2011,"135,000 ₪",10867-126-5,דירה בבית קומות,2,ראשונה,0,"16,667 ₪",0
ללא כתובת,48,04/01/2024,"750,000 ₪",10867-126-4,דירה בבית קומות,3,ראשונה,0,"15,625 ₪",0
ללא כתובת,48,20/02/2011,"250,000 ₪",10867-126-4,דירה בבית קומות,3,ראשונה,0,"15,625 ₪",0
ללא כתובת,47.85,04/01/2024,"700,000 ₪",10867-126-2,דירה בבית קומות,3,קרקע,0,"14,894 ₪",0
ללא כתובת,47.85,20/02/2011,"387,000 ₪",10867-126-2,דירה בבית קומות,3,קרקע,0,"14,894 ₪",0
אהבת ישראל 12,74.93,20/12/2023,"1,420,000 ₪",11188-129-20,דירה בבית קומות,3,שביעית,2007,"19,189 ₪",8
אהבת ישראל 12,74.93,20/04/2009,"430,000 ₪",11188-129-20,דירה בבית קומות,3,שביעית,2007,"19,189 ₪",8
ללא כתובת,92,31/10/2023,"1,770,000 ₪",11188-61-50,דירה בבית קומות,4,חמישית,0,"19,239 ₪",0
ללא כתובת,50.08,28/09/2023,"715,000 ₪",10867-127-7,דירה בבית קומות,2,שניה,0,"14,277 ₪",0
זבולון 9,48.3,21/09/2023,"915,000 ₪",10907-30-6,דירה בבית קומות,2.5,ראשונה,1950,"19,062 ₪",3
זבולון 9,48.3,13/07/2016,"635,000 ₪",10907-30-6,דירה בבית קומות,2.5,ראשונה,1950,"19,062 ₪",3
זבולון 9,46.6,21/09/2023,"775,000 ₪",10907-30-9,דירה בבית קומות,2,שלישית,1950,"16,848 ₪",3
זבולון 9,46.6,21/06/2021,"665,000 ₪",10907-30-9,דירה בבית קומות,2,שלישית,1950,"16,848 ₪",3
זבולון 9,46.6,17/03/2013,"533,000 ₪",10907-30-9,דירה בבית קומות,2,שלישית,1950,"16,848 ₪",3
זבולון 9,46.6,26/10/2011,"410,000 ₪",10907-30-9,דירה בבית קומות,2,שלישית,1950,"16,848 ₪",3
זבולון 9,46.6,20/07/2009,"150,000 ₪",10907-30-9,דירה בבית קומות,2,שלישית,1950,"16,848 ₪",3
זבולון 9,48.3,13/09/2023,"800,000 ₪",10907-30-10,דירה בבית קומות,2.5,שלישית,1950,"16,667 ₪",3
זבולון 9,48.3,12/09/2021,"685,000 ₪",10907-30-10,דירה בבית קומות,2.5,שלישית,1950,"16,667 ₪",3
זבולון 9,48.3,06/06/2014,"595,000 ₪",10907-30-10,דירה בבית קומות,2.5,שלישית,1950,"16,667 ₪",3
זבולון 9,48.3,05/05/2008,"142,000 ₪",10907-30-10,דירה בבית קומות,2.5,שלישית,1950,"16,667 ₪",3
ללא כתובת,101,25/08/2023,"1,700,000 ₪",11188-61-46,דירה בבית קומות,4,חמישית,0,"16,832 ₪",0
ללא כתובת,70,25/08/2023,"1,350,000 ₪",11188-61-45,דירה בבית קומות,3,חמישית,0,"19,286 ₪",0
ללא כתובת,51,17/08/2023,"915,000 ₪",10867-122-8,דירה בבית קומות,2,שניה,0,"17,941 ₪",0
ללא כתובת,51,01/04/2009,"300,000 ₪",10867-122-8,דירה בבית קומות,2,שניה,0,"17,941 ₪",0
הרב קניאל 1,98,13/08/2023,"1,650,000 ₪",10870-99-15,דירה בבית קומות,4,רביעית,1970,"16,837 ₪",4
מקור ברוך 8,63.7,09/08/2023,"1,270,000 ₪",11188-98-9,דירה בבית קומות,3,ראשונה,1960,"19,937 ₪",3
ללא כתובת,70,15/06/2023,"1,050,000 ₪",11188-61-44,דירה בבית קומות,3,שלישית,0,"15,000 ₪",0
זבולון 13,55.5,05/06/2023,"900,000 ₪",10907-34-7,דירה בבית קומות,3,ראשונה,1950,"16,364 ₪",3
זבולון 13,55.5,12/09/2011,"505,000 ₪",10907-34-7,דירה בבית קומות,3,ראשונה,1950,"16,364 ₪",3
זבולון 13,55.5,07/04/2009,"350,000 ₪",10907-34-7,דירה בבית קומות,3,ראשונה,1950,"16,364 ₪",3
זבולון 13,55.5,03/11/2008,"220,000 ₪",10907-34-7,דירה בבית קומות,3,ראשונה,1950,"16,364 ₪",3
"האר""י 24",75.5,28/05/2023,"1,050,000 ₪",11188-121-20,דירה בבית קומות,3,שלישית,1970,"14,000 ₪",5
"האר""י 24",75.5,29/11/2011,"590,000 ₪",11188-121-20,דירה בבית קומות,3,שלישית,1970,"14,000 ₪",5
אהבת ישראל 4,100,23/04/2023,"1,525,000 ₪",11188-1-14,דירה בבית קומות,4,ראשונה,2000,"15,250 ₪",8
זבולון 15,118,23/04/2023,"241,000 ₪",10907-36-18,דירה בבית קומות,4,שניה,1950,"2,042 ₪",3
ללא כתובת,80,02/04/2023,"1,050,000 ₪",11188-61-51,דירה בבית קומות,3,שניה,0,"13,125 ₪",0
אהבת ישראל 14,78.36,29/03/2023,"1,150,000 ₪",11188-130-14,דירה בבית קומות,3,שביעית,2010,"14,676 ₪",8
ללא כתובת,52.07,20/03/2023,"925,000 ₪",10867-121-3,דירה בבית קומות,3,ראשונה,0,"17,788 ₪",0
ללא כתובת,56.5,16/03/2023,"750,000 ₪",10907-42-3,דירה בבית קומות,2.5,שניה,0,"13,393 ₪",0
ללא כתובת,56.5,12/02/2017,"700,000 ₪",10907-42-3,דירה בבית קומות,2.5,שניה,0,"13,393 ₪",0
ללא כתובת,56.5,14/01/2013,"485,000 ₪",10907-42-3,דירה בבית קומות,2.5,שניה,0,"13,393 ₪",0
ללא כתובת,85,05/03/2023,"1,310,000 ₪",11188-61-52,דירה בבית קומות,3,חמישית,0,"15,412 ₪",0
זבולון 13,24.3,08/02/2023,"255,000 ₪",10907-34-2,דירה בבית קומות,1,מרתף,1950,"10,625 ₪",3
זבולון 13,24.3,07/03/2001,"90,000 ₪",10907-34-2,דירה בבית קומות,1,מרתף,1950,"10,625 ₪",3
תבור 5,28.6,02/02/2023,"580,000 ₪",10907-41-6,דירה בבית קומות,2,שניה,1950,"20,714 ₪",2
תבור 5,28.6,14/10/2018,"300,000 ₪",10907-41-6,דירה בבית קומות,2,שניה,1950,"20,714 ₪",2
"האר""י 6",64.4,29/01/2023,"400,000 ₪",11188-118-18,דירה בבית קומות,2,קרקע,1970,"6,211 ₪",3
מיכאל 41,50.46,15/01/2023,"890,000 ₪",10907-37-6,דירה בבית קומות,2.5,קרקע,1950,"17,800 ₪",2
מיכאל 41,50.46,02/08/2016,"650,000 ₪",10907-37-6,דירה בבית קומות,2.5,קרקע,1950,"17,800 ₪",2
מיכאל 41,50.46,07/01/2003,"257,000 ₪",10907-37-6,דירה בבית קומות,2.5,קרקע,1950,"17,800 ₪",2
הרב קניאל 11,81.5,02/01/2023,"97,000 ₪",10870-98-70,דירה בבית קומות,4,שתים עשרה,1970,"1,190 ₪",22
מקור ברוך 10,53,04/12/2022,"1,200,000 ₪",11188-99-5,דירה בבית קומות,3,ראשונה,1968,"22,642 ₪",5
מקור ברוך 10,53,29/09/2005,"481,000 ₪",11188-99-5,דירה בבית קומות,3,ראשונה,1968,"22,642 ₪",5
מקור ברוך 10,53,24/10/1999,"341,000 ₪",11188-99-5,דירה בבית קומות,3,ראשונה,1968,"22,642 ₪",5
מיכאל 41,לא ידוע,17/11/2022,"109,000 ₪",10907-37-2,מחסנים,לא ידוע,מרתף,1950,לא ידוע,2
ללא כתובת,53.6,31/10/2022,"1,155,000 ₪",10867-122-6,משרד,לא ידוע,שניה,0,"21,549 ₪",0
"האר""י 12",64.4,19/10/2022,"830,000 ₪",11188-117-17,דירה בבית קומות,2,קרקע,1960,"12,969 ₪",3
"האר""י 12",64.4,12/08/2019,"600,000 ₪",11188-117-17,דירה בבית קומות,2,קרקע,1960,"12,969 ₪",3
מיכאל 41,לא ידוע,21/09/2022,"120,000 ₪",10907-37-4,מחסנים,לא ידוע,קרקע,1950,לא ידוע,2
מיכאל 41,לא ידוע,03/08/2016,"90,000 ₪",10907-37-4,מחסנים,לא ידוע,קרקע,1950,לא ידוע,2
ארנון 6,27.11,06/09/2022,"620,000 ₪",10907-35-7,דירה בבית קומות,2,שלישית,1950,"22,963 ₪",3
ארנון 6,27.11,05/12/2019,"435,000 ₪",10907-35-7,דירה בבית קומות,2,שלישית,1950,"22,963 ₪",3
ארנון 6,27.11,13/10/2013,"286,000 ₪",10907-35-7,דירה בבית קומות,2,שלישית,1950,"22,963 ₪",3
ארנון 6,27.11,10/02/2011,"200,000 ₪",10907-35-7,דירה בבית קומות,2,שלישית,1950,"22,963 ₪",3
ארנון 6,27.11,05/03/1998,"168,000 ₪",10907-35-7,דירה בבית קומות,2,שלישית,1950,"22,963 ₪",3
הרב קניאל 11,68.9,05/09/2022,"1,000,000 ₪",10870-98-9,דירה בבית קומות,3,ראשונה,1970,"14,706 ₪",22
הרב קניאל 11,68.9,01/04/2016,"800,000 ₪",10870-98-9,דירה בבית קומות,3,ראשונה,1970,"14,706 ₪",22
ללא כתובת,49.76,01/09/2022,"840,000 ₪",10867-170-1,דירה בבית קומות,3,קרקע,0,"17,143 ₪",0
ללא כתובת,49.76,12/06/2013,"490,000 ₪",10867-170-1,דירה בבית קומות,3,קרקע,0,"17,143 ₪",0
ללא כתובת,49.76,26/03/2003,"292,000 ₪",10867-170-1,דירה בבית קומות,3,קרקע,0,"17,143 ₪",0
"האר""י 22",75.5,29/08/2022,"960,000 ₪",11188-121-10,דירה בבית קומות,3,שניה,1970,"12,800 ₪",5
"האר""י 22",75.5,02/07/2003,"467,000 ₪",11188-121-10,דירה בבית קומות,3,שניה,1970,"12,800 ₪",5
מיכאל 41,50.84,23/08/2022,"700,000 ₪",10907-37-7,דירה בבית קומות,2,ראשונה,1950,"14,000 ₪",2
מיכאל 41,50.84,02/11/2016,"720,000 ₪",10907-37-7,דירה בבית קומות,2,ראשונה,1950,"14,000 ₪",2
מיכאל 41,50.84,17/03/2010,"410,000 ₪",10907-37-7,דירה בבית קומות,2,ראשונה,1950,"14,000 ₪",2
מיכאל 41,50.84,23/08/2022,חלק נמכר,10907-37-7,דירה בבית קומות,2,ראשונה,1950,"14,000 ₪",2
מיכאל 41,50.84,מחיר,1,10907-37-7,דירה בבית קומות,2,ראשונה,1950,"14,000 ₪",2
מיכאל 41,50.84,50%,"350,000 ₪",10907-37-7,דירה בבית קומות,2,ראשונה,1950,"14,000 ₪",2
מיכאל 41,50.84,2,50%,10907-37-7,דירה בבית קומות,2,ראשונה,1950,"14,000 ₪",2
מיכאל 41,50.84,"350,000 ₪","700,000 ₪",10907-37-7,דירה בבית קומות,2,ראשונה,1950,"14,000 ₪",2
מיכאל 43,80,17/08/2022,"590,000 ₪",10907-39-10,דירה בבית קומות,3,ראשונה,1935,"7,375 ₪",2
מקור ברוך 18,60,14/08/2022,"1,050,000 ₪",11188-84-26,דירה בבית קומות,3,שניה,1960,"17,500 ₪",3
הרב קניאל 11,67.8,09/08/2022,"825,000 ₪",10870-98-7,דירה בבית קומות,3,ראשונה,1970,"12,313 ₪",22
הרב קניאל 11,67.8,15/09/2013,"650,000 ₪",10870-98-7,דירה בבית קומות,3,ראשונה,1970,"12,313 ₪",22
ללא כתובת,30.15,08/08/2022,"555,000 ₪",10867-127-2,דירה בבית קומות,2,מרתף,0,"18,500 ₪",0
ללא כתובת,30.15,19/08/2021,"395,000 ₪",10867-127-2,דירה בבית קומות,2,מרתף,0,"18,500 ₪",0
ללא כתובת,30.15,15/07/2015,"400,000 ₪",10867-127-2,דירה בבית קומות,2,מרתף,0,"18,500 ₪",0
ללא כתובת,30.15,31/05/2012,"250,000 ₪",10867-127-2,דירה בבית קומות,2,מרתף,0,"18,500 ₪",0
ללא כתובת,30.15,11/12/2011,"235,000 ₪",10867-127-2,דירה בבית קומות,2,מרתף,0,"18,500 ₪",0
ללא כתובת,30.15,12/05/2011,"220,000 ₪",10867-127-2,דירה בבית קומות,2,מרתף,0,"18,500 ₪",0
ללא כתובת,30.15,16/07/2009,"95,000 ₪",10867-127-2,דירה בבית קומות,2,מרתף,0,"18,500 ₪",0
הרב קניאל 11,70.7,03/08/2022,"950,000 ₪",10870-98-51,דירה בבית קומות,3,תשיעית,1970,"13,437 ₪",22
זבולון 15,38,19/07/2022,"600,000 ₪",10907-36-5,דירה בבית קומות,2,קרקע,1950,"15,789 ₪",3
זבולון 15,38,2001-10-14,"276,000 ₪",10907-36-5,דירה בבית קומות,2,קרקע,1950,"15,789 ₪",3
הרב קניאל 11,81.5,14/07/2022,"1,200,000 ₪",10870-98-112,דירה בבית קומות,4,תשע עשרה,1970,"14,815 ₪",22
הרב קניאל 11,81.5,19/04/2015,"900,000 ₪",10870-98-112,דירה בבית קומות,4,תשע עשרה,1970,"14,815 ₪",22
הרב קניאל 11,81.5,21/02/2011,"750,000 ₪",10870-98-112,דירה בבית קומות,4,תשע עשרה,1970,"14,815 ₪",22
ארנון 4,60,05/07/2022,"630,000 ₪",10907-32-5,דירה בבית קומות,3,שניה,1940,"10,500 ₪",4
הרב קניאל 1,85,26/06/2022,"1,170,000 ₪",10870-99-14,דירה בבית קומות,4,ראשונה,1970,"13,765 ₪",4
אהבת ישראל 4,120,31/05/2022,"1,400,000 ₪",11188-1-13,דירה בבית קומות,4,ראשונה,2000,"11,667 ₪",8
זבולון 9,46.6,23/05/2022,"700,000 ₪",10907-30-5,דירה בבית קומות,2,ראשונה,1950,"15,217 ₪",3
זבולון 9,46.6,02/12/2003,"194,000 ₪",10907-30-5,דירה בבית קומות,2,ראשונה,1950,"15,217 ₪",3
אהבת ישראל 12,100.02,26/04/2022,"1,400,000 ₪",11188-129-7,דירה בבית קומות,4,רביעית,2007,"14,000 ₪",8
אהבת ישראל 12,100.02,07/05/2018,"1,200,000 ₪",11188-129-7,דירה בבית קומות,4,רביעית,2007,"14,000 ₪",8
אהבת ישראל 12,100.02,26/04/2022,חלק נמכר,11188-129-7,דירה בבית קומות,4,רביעית,2007,"14,000 ₪",8
אהבת ישראל 12,100.02,מחיר,1,11188-129-7,דירה בבית קומות,4,רביעית,2007,"14,000 ₪",8
אהבת ישראל 12,100.02,50%,"700,000 ₪",11188-129-7,דירה בבית קומות,4,רביעית,2007,"14,000 ₪",8
אהבת ישראל 12,100.02,2,50%,11188-129-7,דירה בבית קומות,4,רביעית,2007,"14,000 ₪",8
אהבת ישראל 12,100.02,"700,000 ₪","1,400,000 ₪",11188-129-7,דירה בבית קומות,4,רביעית,2007,"14,000 ₪",8
זבולון 9,48.3,29/03/2022,"590,000 ₪",10907-30-4,דירה בבית קומות,2,קרקע,1950,"12,292 ₪",3
אהבת ישראל 10,74.93,27/03/2022,"1,185,000 ₪",11188-128-22,דירה בבית קומות,3,שמינית,2000,"15,815 ₪",8
הרב קניאל 11,83.1,24/03/2022,"1,000,000 ₪",10870-98-133,דירה בבית קומות,4,עשרים ושתיים,1970,"12,034 ₪",22
תבור 5,47.5,20/03/2022,"680,000 ₪",10907-41-1,דירה בבית קומות,2,קרקע,1950,"14,468 ₪",2
תבור 5,47.5,12/08/2019,"635,000 ₪",10907-41-1,דירה בבית קומות,2,קרקע,1950,"14,468 ₪",2
זבולון 15,29.9,11/03/2022,"300,000 ₪",10907-36-10,דירה בבית קומות,1,שניה,1950,"10,033 ₪",3
ללא כתובת,50.08,09/03/2022,"585,000 ₪",10867-127-9,דירה בבית קומות,3,שלישית,0,"11,681 ₪",0
"האר""י 14",75.3,01/03/2022,"950,000 ₪",11188-116-6,דירת גן,3,שניה,1960,"12,616 ₪",3
מקור ברוך 15,90,20/02/2022,"1,500,000 ₪",11188-162-2,דירת גן,4,שלישית,1982,"16,667 ₪",2
אהבת ישראל 10,77.07,03/02/2022,"1,110,000 ₪",11188-128-20,דירה בבית קומות,3,שביעית,2000,"14,402 ₪",8
"האר""י 2",76.3,04/01/2022,"950,000 ₪",11188-118-7,דירה בבית קומות,3,שלישית,1970,"12,451 ₪",3
ללא כתובת,40.3,15/12/2021,"600,000 ₪",10867-217-1,דירה בבית קומות,2,קרקע,0,"15,000 ₪",0
ללא כתובת,40.3,15/12/2019,"620,000 ₪",10867-217-1,דירה בבית קומות,2,קרקע,0,"15,000 ₪",0
ללא כתובת,40.3,20/08/2000,"311,000 ₪",10867-217-1,דירה בבית קומות,2,קרקע,0,"15,000 ₪",0
"האר""י 24",75.5,09/12/2021,"1,050,000 ₪",11188-121-19,דירה בבית קומות,3,שניה,1970,"14,000 ₪",5
"האר""י 24",75.5,13/09/2017,"785,000 ₪",11188-121-19,דירה בבית קומות,3,שניה,1970,"14,000 ₪",5
"האר""י 10",75.3,28/11/2021,"475,000 ₪",11188-117-15,דירה בבית קומות,3,שלישית,1960,"6,333 ₪",3
"האר""י 10",75.3,13/12/2011,"560,000 ₪",11188-117-15,דירה בבית קומות,3,שלישית,1960,"6,333 ₪",3
ללא כתובת,120,23/11/2021,"1,600,000 ₪",11188-61-43,דירה בבית קומות,5,רביעית,0,"13,333 ₪",0
ארנון 10,28.9,23/11/2021,"237,000 ₪",10907-43-2,דירה בבית קומות,2,קרקע,1950,"8,464 ₪",2
ארנון 10,28.9,18/10/2015,"375,000 ₪",10907-43-2,דירה בבית קומות,2,קרקע,1950,"8,464 ₪",2
ארנון 10,28.9,01/02/2010,"140,000 ₪",10907-43-2,דירה בבית קומות,2,קרקע,1950,"8,464 ₪",2
זבולון 15,25,01/11/2021,"360,000 ₪",10907-36-19,דירה בבית קומות,2,לא ידוע,1950,"14,400 ₪",3
"האר""י 24",75.5,20/10/2021,"990,000 ₪",11188-121-22,דירה בבית קומות,3,רביעית,1970,"13,200 ₪",5
"האר""י 24",75.5,08/09/2016,"740,000 ₪",11188-121-22,דירה בבית קומות,3,רביעית,1970,"13,200 ₪",5
"האר""י 24",75.5,13/05/2008,"300,000 ₪",11188-121-22,דירה בבית קומות,3,רביעית,1970,"13,200 ₪",5
ללא כתובת,90,17/10/2021,"1,234,000 ₪",11188-61-53,דירה בבית קומות,3,שישית,0,"13,711 ₪",0
הרב קניאל 11,67.8,14/10/2021,"950,000 ₪",10870-98-108,דירה בבית קומות,3,שמונה עשרה,1970,"14,179 ₪",22
הרב קניאל 11,67.8,21/11/2012,"540,000 ₪",10870-98-108,דירה בבית קומות,3,שמונה עשרה,1970,"14,179 ₪",22
"האר""י 16",75.3,06/10/2021,"810,000 ₪",11188-116-11,דירה בבית קומות,3,ראשונה,1960,"10,757 ₪",3
ארנון 6,54.7,12/08/2021,"690,000 ₪",10907-35-2,דירה בבית קומות,3,ראשונה,1950,"12,778 ₪",3
ארנון 6,54.7,24/01/2012,"430,000 ₪",10907-35-2,דירה בבית קומות,3,ראשונה,1950,"12,778 ₪",3
הרב קניאל 11,67.8,27/07/2021,"980,000 ₪",10870-98-96,דירה בבית קומות,3,שש עשרה,1970,"14,627 ₪",22
הרב קניאל 11,67.8,16/08/2017,"675,000 ₪",10870-98-96,דירה בבית קומות,3,שש עשרה,1970,"14,627 ₪",22
ללא כתובת,111,04/07/2021,"1,600,000 ₪",11188-61-42,דירה בבית קומות,5,שניה,0,"14,414 ₪",0
ללא כתובת,111,03/07/2021,"1,600,000 ₪",11188-61-41,לא ידוע,5,שניה,0,"14,414 ₪",0
זבולון 11,53.44,24/06/2021,"773,000 ₪",10907-31-3,דירה בבית קומות,3,ראשונה,1940,"14,585 ₪",4
זבולון 11,53.44,22/06/2015,"588,000 ₪",10907-31-3,דירה בבית קומות,3,ראשונה,1940,"14,585 ₪",4
זבולון 11,53.44,04/03/2010,"425,000 ₪",10907-31-3,דירה בבית קומות,3,ראשונה,1940,"14,585 ₪",4
זבולון 11,53.44,28/08/2001,"262,000 ₪",10907-31-3,דירה בבית קומות,3,ראשונה,1940,"14,585 ₪",4
ללא כתובת,87,23/06/2021,"1,100,000 ₪",11188-61-40,דירת גן,5,רביעית,0,"12,644 ₪",0
ללא כתובת,52.95,23/06/2021,"500,000 ₪",10867-128-2,דירה בבית קומות,2,קרקע,0,"9,443 ₪",0
ללא כתובת,69.45,23/06/2021,"750,000 ₪",10867-128-3,דירה בבית קומות,3,ראשונה,0,"10,799 ₪",0
ללא כתובת,50.08,22/06/2021,"612,000 ₪",10867-127-3,דירה בבית קומות,3,קרקע,0,"12,240 ₪",0
ללא כתובת,50.08,19/11/2017,"595,000 ₪",10867-127-3,דירה בבית קומות,3,קרקע,0,"12,240 ₪",0
ללא כתובת,50.08,31/12/2009,"155,000 ₪",10867-127-3,דירה בבית קומות,3,קרקע,0,"12,240 ₪",0
ארנון 10,28.9,14/06/2021,"440,000 ₪",10907-43-4,דירה בבית קומות,2,ראשונה,1950,"15,714 ₪",2
ארנון 10,28.9,04/01/2016,"430,000 ₪",10907-43-4,דירה בבית קומות,2,ראשונה,1950,"15,714 ₪",2
ארנון 10,28.9,12/03/2012,"270,000 ₪",10907-43-4,דירה בבית קומות,2,ראשונה,1950,"15,714 ₪",2
ארנון 10,28.9,09/10/2011,"250,000 ₪",10907-43-4,דירה בבית קומות,2,ראשונה,1950,"15,714 ₪",2
ארנון 10,28.9,13/04/2011,"180,000 ₪",10907-43-4,דירה בבית קומות,2,ראשונה,1950,"15,714 ₪",2
מקור ברוך 18,71.6,08/06/2021,"950,000 ₪",11188-84-23,דירת גן,3,קרקע,1960,"13,268 ₪",3
זבולון 15,30,03/06/2021,"500,000 ₪",10907-36-20,דירה בבית קומות,2,לא ידוע,1950,"16,667 ₪",3
זבולון 9,46.6,12/05/2021,"743,000 ₪",10907-30-7,דירה בבית קומות,2,שניה,1950,"16,152 ₪",3
זבולון 9,46.6,31/05/2015,"640,000 ₪",10907-30-7,דירה בבית קומות,2,שניה,1950,"16,152 ₪",3
זבולון 9,46.6,26/10/2012,"420,000 ₪",10907-30-7,דירה בבית קומות,2,שניה,1950,"16,152 ₪",3
זבולון 9,46.6,10/06/2009,"259,000 ₪",10907-30-7,דירה בבית קומות,2,שניה,1950,"16,152 ₪",3
ללא כתובת,46.82,09/05/2021,"700,000 ₪",10867-124-12,דירה בבית קומות,3,שניה,0,"15,217 ₪",0
ללא כתובת,60.41,01/04/2021,"880,000 ₪",10867-124-8,דירה בבית קומות,2,ראשונה,0,"14,567 ₪",0
ללא כתובת,84.4,24/02/2021,"870,000 ₪",10867-201-7,דירה בבית קומות,3,ראשונה,0,"10,308 ₪",0
ללא כתובת,87,10/02/2021,"1,050,000 ₪",11188-61-38,דירה בבית קומות,3,שניה,0,"12,069 ₪",0
ללא כתובת,87,10/02/2021,"1,100,000 ₪",11188-61-39,דירה בבית קומות,3,שביעית,0,"12,644 ₪",0
אהבת ישראל 10,74.93,28/01/2021,"900,000 ₪",11188-128-25,דירה בבית קומות,3,שמינית,2000,"12,162 ₪",8
אהבת ישראל 10,74.93,06/04/2005,"580,000 ₪",11188-128-25,דירה בבית קומות,3,שמינית,2000,"12,162 ₪",8
ללא כתובת,50.23,25/01/2021,"850,000 ₪",10867-169-1,דירה בבית קומות,3,קרקע,0,"17,000 ₪",0
ללא כתובת,50.23,04/09/2015,"800,000 ₪",10867-169-1,דירה בבית קומות,3,קרקע,0,"17,000 ₪",0
ללא כתובת,50.23,10/01/2007,"276,000 ₪",10867-169-1,דירה בבית קומות,3,קרקע,0,"17,000 ₪",0
ללא כתובת,50.23,24/05/2004,"252,000 ₪",10867-169-1,דירה בבית קומות,3,קרקע,0,"17,000 ₪",0
ללא כתובת,111,31/12/2020,"1,440,000 ₪",11188-61-37,דירה בבית קומות,5,שלישית,0,"12,973 ₪",0
אהבת ישראל 14,79.96,17/12/2020,"1,000,000 ₪",11188-130-13,דירה בבית קומות,3,שישית,2010,"12,658 ₪",8
אהבת ישראל 14,79.96,28/10/2014,"750,000 ₪",11188-130-13,דירה בבית קומות,3,שישית,2010,"12,658 ₪",8
אהבת ישראל 14,79.96,16/06/2010,"550,000 ₪",11188-130-13,דירה בבית קומות,3,שישית,2010,"12,658 ₪",8
אהבת ישראל 16,99.5,08/12/2020,"1,770,000 ₪",11188-131-1,דירה בבית קומות,5,שניה,2010,"17,789 ₪",6
אהבת ישראל 4,118,29/11/2020,"1,300,000 ₪",11188-1-12,דירה בבית קומות,4,שניה,2000,"11,017 ₪",8
ללא כתובת,46.82,22/11/2020,"800,000 ₪",10867-124-5,דירה בבית קומות,3,ראשונה,0,"17,391 ₪",0
ללא כתובת,46.82,25/08/2010,"280,000 ₪",10867-124-5,דירה בבית קומות,3,ראשונה,0,"17,391 ₪",0
ללא כתובת,46.82,16/03/2010,"265,000 ₪",10867-124-5,דירה בבית קומות,3,ראשונה,0,"17,391 ₪",0
ללא כתובת,249,15/11/2020,"1,366,000 ₪",10867-215-2,דירה בבית קומות,8,ראשונה,0,"5,486 ₪",0
ללא כתובת,300,03/11/2020,"800,000 ₪",10867-119-1,דירה בבית קומות,5,ראשונה,0,"2,667 ₪",0
מיכאל 43,70,01/11/2020,"750,000 ₪",10907-39-9,דירה בבית קומות,3,ראשונה,1935,"10,714 ₪",2
הרב קניאל 11,67.8,01/11/2020,"920,000 ₪",10870-98-126,דירה בבית קומות,3,עשרים ואחת,1970,"13,569 ₪",22
הרב קניאל 11,83.1,18/10/2020,"1,250,000 ₪",10870-98-85,דירה בבית קומות,4,ארבע עשרה,1970,"15,042 ₪",22
הרב קניאל 11,70.7,30/09/2020,"865,000 ₪",10870-98-87,דירה בבית קומות,3,חמש עשרה,1970,"12,357 ₪",22
הרב קניאל 11,70.7,05/10/2012,"704,000 ₪",10870-98-87,דירה בבית קומות,3,חמש עשרה,1970,"12,357 ₪",22
ללא כתובת,50.23,24/09/2020,"815,000 ₪",10867-169-5,דירה בבית קומות,2,שניה,0,"16,300 ₪",0
ללא כתובת,50.23,02/04/2013,"420,000 ₪",10867-169-5,דירה בבית קומות,2,שניה,0,"16,300 ₪",0
ללא כתובת,101,31/08/2020,"1,260,000 ₪",11188-61-54,דירה בבית קומות,4,שלישית,0,"12,475 ₪",0
מקור ברוך 8,55.1,31/08/2020,"840,000 ₪",11188-98-14,דירה בבית קומות,2.5,שלישית,1960,"15,245 ₪",3
מקור ברוך 10,59,03/08/2020,"1,030,300 ₪",11188-99-4,דירה בבית קומות,3,ראשונה,1968,"17,463 ₪",5
זבולון 15,27,09/07/2020,"360,000 ₪",10907-36-21,דירה בבית קומות,1.5,לא ידוע,1950,"13,333 ₪",3
הרב קניאל 11,68.9,06/07/2020,"770,000 ₪",10870-98-68,דירה בבית קומות,3,אחת עשרה,1970,"11,324 ₪",22
הרב קניאל 11,68.9,11/11/2010,"620,000 ₪",10870-98-68,דירה בבית קומות,3,אחת עשרה,1970,"11,324 ₪",22
מיכאל 41,50.46,21/06/2020,"720,000 ₪",10907-37-8,דירה בבית קומות,2,ראשונה,1950,"14,269 ₪",2
זבולון 13,55.1,10/05/2020,"815,000 ₪",10907-34-12,דירה בבית קומות,3,שלישית,1950,"14,818 ₪",3
זבולון 13,55.1,18/04/2010,"375,000 ₪",10907-34-12,דירה בבית קומות,3,שלישית,1950,"14,818 ₪",3
הרב קניאל 1,100,29/12/2019,"1,125,000 ₪",10870-99-13,דירה בבית קומות,4,שניה,1970,"11,250 ₪",4
ללא כתובת,75,19/12/2019,"870,000 ₪",10867-3-51,דירה,3,לא ידוע,0,"11,600 ₪",0
ללא כתובת,75,18/12/2019,"930,000 ₪",10867-3-49,דירה,3,לא ידוע,0,"12,400 ₪",0
ללא כתובת,75,18/12/2019,"870,000 ₪",10867-3-48,דירה,3,לא ידוע,0,"11,600 ₪",0
ללא כתובת,73,18/12/2019,"830,000 ₪",10867-3-47,דירה,3,לא ידוע,0,"11,370 ₪",0
ללא כתובת,88,18/12/2019,"1,070,000 ₪",10867-3-50,דירה,4,לא ידוע,0,"12,159 ₪",0
ללא כתובת,400,08/12/2019,"2,000,000 ₪",11188-61-36,מחסנים,לא ידוע,ראשונה,0,"5,000 ₪",0
זבולון 11,53.44,06/11/2019,"880,000 ₪",10907-31-7,דירה בבית קומות,3,קומת גג,1940,"16,604 ₪",4
זבולון 11,53.44,29/11/2012,"539,000 ₪",10907-31-7,דירה בבית קומות,3,קומת גג,1940,"16,604 ₪",4
זבולון 11,53.44,26/11/2008,"320,000 ₪",10907-31-7,דירה בבית קומות,3,קומת גג,1940,"16,604 ₪",4
ללא כתובת,52.4,28/10/2019,"840,000 ₪",10867-122-10,דירה בבית קומות,3,שלישית,0,"16,154 ₪",0
ללא כתובת,52.4,08/10/2013,"605,000 ₪",10867-122-10,דירה בבית קומות,3,שלישית,0,"16,154 ₪",0
ללא כתובת,52.4,11/06/2012,"570,000 ₪",10867-122-10,דירה בבית קומות,3,שלישית,0,"16,154 ₪",0
ללא כתובת,111,22/10/2019,"1,465,000 ₪",11188-61-35,דירה בבית קומות,5,ראשונה,0,"13,198 ₪",0
זבולון 13,56,21/08/2019,"875,000 ₪",10907-34-11,דירה בבית קומות,3,שלישית,1950,"15,625 ₪",3
ללא כתובת,111,12/08/2019,"1,510,000 ₪",11188-61-55,דירה בבית קומות,5,חמישית,0,"13,604 ₪",0
"האר""י 22",36.6,08/07/2019,"515,000 ₪",11188-121-9,דירה בבית קומות,2,ראשונה,1970,"14,071 ₪",5
ארנון 4,55,05/07/2019,"600,000 ₪",10907-32-3,דירה בבית קומות,2,שניה,1940,"10,909 ₪",4
ללא כתובת,82,26/06/2019,"1,075,000 ₪",11188-61-34,דירה בבית קומות,3,שמינית,0,"13,110 ₪",0
ללא כתובת,95,24/06/2019,"1,150,000 ₪",11188-61-33,דירה בבית קומות,3,שישית,0,"12,105 ₪",0
ללא כתובת,101,24/06/2019,"1,325,000 ₪",11188-61-56,דירה בבית קומות,4,שניה,0,"13,119 ₪",0
אהבת ישראל 10,75.05,19/06/2019,"1,000,000 ₪",11188-128-15,דירה בבית קומות,3,שישית,2000,"13,324 ₪",8
ללא כתובת,101,05/06/2019,"1,305,000 ₪",11188-61-30,דירה בבית קומות,4,ראשונה,0,"12,921 ₪",0
ללא כתובת,101,05/06/2019,"1,340,000 ₪",11188-61-31,דירה בבית קומות,4,רביעית,0,"13,267 ₪",0
ללא כתובת,111,05/06/2019,"1,480,000 ₪",11188-61-32,דירה בבית קומות,5,שמינית,0,"13,333 ₪",0
ללא כתובת,111,26/05/2019,"1,480,000 ₪",11188-61-29,דירה בבית קומות,5,רביעית,0,"13,333 ₪",0
ללא כתובת,87,26/05/2019,"1,080,000 ₪",11188-61-28,דירה בבית קומות,3,שלישית,0,"12,414 ₪",0
ללא כתובת,87,26/05/2019,"1,050,000 ₪",11188-61-27,דירה בבית קומות,3,ראשונה,0,"12,069 ₪",0
הרב קניאל 1,100,25/05/2019,"1,100,000 ₪",10870-99-12,דירה בבית קומות,4,שניה,1970,"11,000 ₪",4
ללא כתובת,120,08/05/2019,"1,530,000 ₪",11188-61-57,דירה בבית קומות,5,שביעית,0,"12,750 ₪",0
ללא כתובת,111,07/05/2019,"1,530,310 ₪",11188-61-26,דירה,5,לא ידוע,0,"13,787 ₪",0
ללא כתובת,130,16/04/2019,"1,496,000 ₪",11188-61-25,דירה בבית קומות,5,שישית,0,"11,508 ₪",0
ללא כתובת,111,15/04/2019,"1,496,640 ₪",11188-61-24,דירה,5,לא ידוע,0,"13,483 ₪",0
ללא כתובת,80,14/04/2019,"964,140 ₪",11188-61-58,דירה בבית קומות,3,חמישית,0,"12,052 ₪",0
ללא כתובת,101,13/04/2019,"1,309,970 ₪",11188-61-22,דירה,4,לא ידוע,0,"12,970 ₪",0
ללא כתובת,95,10/04/2019,"1,124,000 ₪",11188-61-19,דירה בבית קומות,3,תשיעית,0,"11,832 ₪",0
ללא כתובת,120,10/04/2019,"1,302,000 ₪",11188-61-20,דירה בבית קומות,4,שישית,0,"10,850 ₪",0
ללא כתובת,120,10/04/2019,"1,314,000 ₪",11188-61-21,דירה בבית קומות,4,שביעית,0,"10,950 ₪",0
ללא כתובת,101,09/04/2019,"1,302,640 ₪",11188-61-17,דירה,4,לא ידוע,0,"12,897 ₪",0
ללא כתובת,101,09/04/2019,"1,314,200 ₪",11188-61-18,דירה,4,לא ידוע,0,"13,012 ₪",0
ללא כתובת,83,09/04/2019,"1,124,000 ₪",11188-61-16,דירה,3,לא ידוע,0,"13,542 ₪",0
ללא כתובת,100,04/04/2019,"1,075,000 ₪",11188-61-60,דירה בבית קומות,3,שמינית,0,"10,750 ₪",0
ללא כתובת,100,04/04/2019,"1,188,000 ₪",11188-61-15,דירה בבית קומות,3,תשיעית,0,"11,880 ₪",0
ללא כתובת,82,03/04/2019,"1,095,000 ₪",11188-61-11,דירה,3,לא ידוע,0,"13,354 ₪",0
ללא כתובת,82,03/04/2019,"1,075,000 ₪",11188-61-10,דירה,3,לא ידוע,0,"13,110 ₪",0
ללא כתובת,84,03/04/2019,"1,188,938 ₪",11188-61-12,דירה,3,לא ידוע,0,"14,154 ₪",0
ללא כתובת,101,03/04/2019,"1,294,313 ₪",11188-61-14,דירה,4,לא ידוע,0,"12,815 ₪",0
ללא כתובת,101,03/04/2019,"1,270,000 ₪",11188-61-13,דירה,4,לא ידוע,0,"12,574 ₪",0
זבולון 15,41.5,25/03/2019,"625,000 ₪",10907-36-6,דירה בבית קומות,2,קרקע,1950,"15,244 ₪",3
זבולון 15,41.5,03/12/2012,"320,000 ₪",10907-36-6,דירה בבית קומות,2,קרקע,1950,"15,244 ₪",3
זבולון 15,41.5,15/07/2010,"285,000 ₪",10907-36-6,דירה בבית קומות,2,קרקע,1950,"15,244 ₪",3
זבולון 15,41.5,19/07/2000,"266,000 ₪",10907-36-6,דירה בבית קומות,2,קרקע,1950,"15,244 ₪",3
ללא כתובת,63,13/02/2019,"870,000 ₪",10867-124-10,דירה בבית קומות,4,שלישית,0,"13,810 ₪",0
ללא כתובת,63,30/12/2016,"730,000 ₪",10867-124-10,דירה בבית קומות,4,שלישית,0,"13,810 ₪",0
ללא כתובת,63,12/09/2012,"445,000 ₪",10867-124-10,דירה בבית קומות,4,שלישית,0,"13,810 ₪",0
ללא כתובת,63,26/03/2009,"266,000 ₪",10867-124-10,דירה בבית קומות,4,שלישית,0,"13,810 ₪",0
ללא כתובת,50.23,07/02/2019,"750,000 ₪",10867-169-2,דירה בבית קומות,3,ראשונה,0,"14,931 ₪",0
זבולון 13,50,06/02/2019,"650,000 ₪",10907-34-6,דירה בבית קומות,3,ראשונה,1950,"13,000 ₪",3
זבולון 13,50,01/12/2011,"409,000 ₪",10907-34-6,דירה בבית קומות,3,ראשונה,1950,"13,000 ₪",3
זבולון 13,50,24/03/2009,"245,000 ₪",10907-34-6,דירה בבית קומות,3,ראשונה,1950,"13,000 ₪",3
זבולון 13,50,29/05/2008,"168,000 ₪",10907-34-6,דירה בבית קומות,3,ראשונה,1950,"13,000 ₪",3
זבולון 13,50,29/12/1999,"255,000 ₪",10907-34-6,דירה בבית קומות,3,ראשונה,1950,"13,000 ₪",3
זבולון 15,25,05/02/2019,"345,000 ₪",10907-36-22,דירה בבית קומות,2,לא ידוע,1950,"13,800 ₪",3
ללא כתובת,249,05/02/2019,"550,000 ₪",10867-216-1,קרקע למגורים,לא ידוע,לא ידוע,0,"2,209 ₪",0
"האר""י 22",75.5,01/02/2019,"375,000 ₪",11188-121-13,דירה בבית קומות,3,שלישית,1970,"4,967 ₪",5
הרב קניאל 1,89,31/12/2018,"1,050,000 ₪",10870-99-11,דירה בבית קומות,4,שניה,1970,"11,798 ₪",4
אהבת ישראל 16,92.96,17/12/2018,"1,200,000 ₪",11188-131-13,דירה בבית קומות,4,שישית,2010,"13,043 ₪",6
אהבת ישראל 16,92.96,24/05/2010,"711,000 ₪",11188-131-13,דירה בבית קומות,4,שישית,2010,"13,043 ₪",6
הרב קניאל 1,89,26/11/2018,"1,100,000 ₪",10870-99-10,דירה בבית קומות,4,ראשונה,1970,"12,360 ₪",4
ארנון 10,50.6,18/11/2018,"630,000 ₪",10907-43-1,דירה בבית קומות,2,קרקע,1950,"12,451 ₪",2
זבולון 15,27,23/10/2018,"305,000 ₪",10907-36-8,דירה בבית קומות,2,ראשונה,1950,"11,296 ₪",3
זבולון 15,27,27/05/2010,"227,000 ₪",10907-36-8,דירה בבית קומות,2,ראשונה,1950,"11,296 ₪",3
מקור ברוך 15,98,14/10/2018,"1,300,000 ₪",11188-162-1,דירה בבית קומות,3.5,שניה,1982,"13,265 ₪",2
אהבת ישראל 4,131,15/09/2018,"1,300,000 ₪",11188-1-11,דירה בבית קומות,6,תשיעית,2000,"9,924 ₪",8
זבולון 15,27,24/08/2018,"200,000 ₪",10907-36-23,דירה בבית קומות,1.5,לא ידוע,1950,"7,407 ₪",3
מקור ברוך 13,50,07/08/2018,"180,000 ₪",11188-144-2,מחסנים,לא ידוע,ראשונה,1990,"3,600 ₪",1
ללא כתובת,41.59,24/07/2018,"750,000 ₪",10867-124-6,דירה בבית קומות,3,ראשונה,0,"18,293 ₪",0
ללא כתובת,41.59,14/06/2011,"485,000 ₪",10867-124-6,דירה בבית קומות,3,ראשונה,0,"18,293 ₪",0
ללא כתובת,41.59,05/03/2009,"192,000 ₪",10867-124-6,דירה בבית קומות,3,ראשונה,0,"18,293 ₪",0
ללא כתובת,41.59,07/12/2004,"239,000 ₪",10867-124-6,דירה בבית קומות,3,ראשונה,0,"18,293 ₪",0
ללא כתובת,46.82,04/06/2018,"695,000 ₪",10867-124-3,דירה בבית קומות,3,קרקע,0,"15,109 ₪",0
ללא כתובת,46.82,19/05/2016,"630,000 ₪",10867-124-3,דירה בבית קומות,3,קרקע,0,"15,109 ₪",0
ללא כתובת,46.82,09/06/2010,"290,000 ₪",10867-124-3,דירה בבית קומות,3,קרקע,0,"15,109 ₪",0
זבולון 13,55.7,22/05/2018,"830,000 ₪",10907-34-10,דירה בבית קומות,2,שניה,1950,"15,091 ₪",3
זבולון 13,55.7,2008-01-06,"192,000 ₪",10907-34-10,דירה בבית קומות,2,שניה,1950,"15,091 ₪",3
אהבת ישראל 14,126.19,16/05/2018,"1,950,000 ₪",11188-130-7,דירה בבית קומות,5,רביעית,2010,"15,476 ₪",8
אהבת ישראל 14,126.19,16/02/2011,"974,000 ₪",11188-130-7,דירה בבית קומות,5,רביעית,2010,"15,476 ₪",8
הרב קניאל 11,67.8,26/04/2018,"790,000 ₪",10870-98-132,דירה בבית קומות,3,עשרים ושתיים,1970,"11,791 ₪",22
הרב קניאל 11,67.8,07/07/2003,"445,000 ₪",10870-98-132,דירה בבית קומות,3,עשרים ושתיים,1970,"11,791 ₪",22
ללא כתובת,94,20/03/2018,"985,000 ₪",10867-3-46,דירה,4,לא ידוע,0,"10,479 ₪",0
"האר""י 14",76.3,11/03/2018,"770,000 ₪",11188-116-5,דירה בבית קומות,3,שניה,1960,"10,132 ₪",3
"האר""י 14",76.3,30/06/2005,"411,000 ₪",11188-116-5,דירה בבית קומות,3,שניה,1960,"10,132 ₪",3
"האר""י 14",76.3,11/03/2018,חלק נמכר,11188-116-5,דירה בבית קומות,3,שניה,1960,"10,132 ₪",3
"האר""י 14",76.3,מחיר,1,11188-116-5,דירה בבית קומות,3,שניה,1960,"10,132 ₪",3
"האר""י 14",76.3,50%,"385,000 ₪",11188-116-5,דירה בבית קומות,3,שניה,1960,"10,132 ₪",3
"האר""י 14",76.3,2,50%,11188-116-5,דירה בבית קומות,3,שניה,1960,"10,132 ₪",3
"האר""י 14",76.3,"385,000 ₪","770,000 ₪",11188-116-5,דירה בבית קומות,3,שניה,1960,"10,132 ₪",3
ללא כתובת,77,27/01/2018,"1,005,000 ₪",10867-3-45,דירה,3,לא ידוע,0,"13,052 ₪",0
זבולון 9,46.6,10/12/2017,"665,000 ₪",10907-30-2,דירה בבית קומות,2.5,מרתף,1950,"14,457 ₪",3
הרב קניאל 11,68.9,08/12/2017,"850,000 ₪",10870-98-86,דירה בבית קומות,3,ארבע עשרה,1970,"12,500 ₪",22
הרב קניאל 11,68.9,19/01/2009,"326,200 ₪",10870-98-86,דירה בבית קומות,3,ארבע עשרה,1970,"12,500 ₪",22
ללא כתובת,180,03/12/2017,"1,670,000 ₪",10867-68-1,דירה בבית קומות,6,ראשונה,0,"9,278 ₪",0
הרב קניאל 11,83.1,13/11/2017,"800,000 ₪",10870-98-43,דירה בבית קומות,4,שביעית,1970,"9,627 ₪",22
הרב קניאל 11,67.8,09/11/2017,"765,000 ₪",10870-98-89,דירה בבית קומות,3,חמש עשרה,1970,"11,283 ₪",22
אהבת ישראל 6,130,08/11/2017,"1,150,000 ₪",11188-1-10,דירה בבית קומות,6,רביעית,2000,"8,846 ₪",8
הרב קניאל 11,70.7,26/10/2017,"720,000 ₪",10870-98-75,דירה בבית קומות,3,שלוש עשרה,1970,"10,184 ₪",22
ללא כתובת,70,13/09/2017,"860,000 ₪",10867-3-52,דירה בבית קומות,3,שישית,0,"12,286 ₪",0
ללא כתובת,46.75,13/09/2017,"800,000 ₪",10867-170-6,דירה בבית קומות,3,שלישית,0,"17,391 ₪",0
ללא כתובת,46.75,01/09/2000,"260,000 ₪",10867-170-6,דירה בבית קומות,3,שלישית,0,"17,391 ₪",0
אהבת ישראל 14,93.62,28/08/2017,"1,100,000 ₪",11188-130-15,דירה בבית קומות,4,שביעית,2010,"11,750 ₪",8
מיכאל 41,51.44,22/08/2017,"808,000 ₪",10907-37-9,דירה בבית קומות,3,שניה,1950,"15,843 ₪",2
מיכאל 41,51.44,26/11/2015,"740,000 ₪",10907-37-9,דירה בבית קומות,3,שניה,1950,"15,843 ₪",2
מיכאל 41,51.44,02/01/2007,"171,000 ₪",10907-37-9,דירה בבית קומות,3,שניה,1950,"15,843 ₪",2
ללא כתובת,94,17/08/2017,"877,000 ₪",10867-3-53,דירה בבית קומות,3,שניה,0,"9,330 ₪",0
ללא כתובת,93,16/08/2017,"995,000 ₪",10867-3-44,דירה,4,לא ידוע,0,"10,699 ₪",0
ללא כתובת,77,09/08/2017,"880,000 ₪",10867-3-55,דירה בבית קומות,3,שישית,0,"11,429 ₪",0
מקור ברוך 3,51.7,09/08/2017,"800,000 ₪",11188-77-28,דירה בבית קומות,3,שניה,1950,"15,686 ₪",2
מקור ברוך 3,51.7,14/07/2015,"715,000 ₪",11188-77-28,דירה בבית קומות,3,שניה,1950,"15,686 ₪",2
ללא כתובת,76,09/08/2017,"880,000 ₪",10867-5-1,דירה,3,לא ידוע,0,"11,579 ₪",0
הרב קניאל 1,89,08/08/2017,"1,175,000 ₪",10870-99-9,דירה בבית קומות,4,שניה,1970,"13,202 ₪",4
ללא כתובת,76,07/08/2017,"860,000 ₪",10867-3-56,דירה בבית קומות,3,שישית,0,"11,316 ₪",0
מיכאל 41,43.4,23/07/2017,"191,000 ₪",10907-37-3,מחסנים,לא ידוע,מרתף,1950,"4,401 ₪",2
ללא כתובת,76,19/07/2017,"880,000 ₪",10867-3-57,דירה בבית קומות,3,רביעית,0,"11,579 ₪",0
"האר""י 18",75.3,09/07/2017,"825,000 ₪",11188-116-23,דירה בבית קומות,3,שלישית,1960,"11,000 ₪",3
"האר""י 18",75.3,12/07/2015,"670,000 ₪",11188-116-23,דירה בבית קומות,3,שלישית,1960,"11,000 ₪",3
ללא כתובת,77,03/07/2017,"880,000 ₪",10867-3-58,דירה בבית קומות,3,ראשונה,0,"11,429 ₪",0
ללא כתובת,76,21/06/2017,"865,000 ₪",10867-3-42,דירה,3,לא ידוע,0,"11,382 ₪",0
ללא כתובת,76,20/06/2017,"865,000 ₪",10867-3-41,דירה,3,לא ידוע,0,"11,382 ₪",0
ללא כתובת,77,19/06/2017,"850,000 ₪",10867-3-59,דירה בבית קומות,3,ראשונה,0,"11,039 ₪",0
ללא כתובת,77,18/06/2017,"860,000 ₪",10867-3-61,דירה בבית קומות,3,חמישית,0,"11,169 ₪",0
ללא כתובת,94,12/06/2017,"935,000 ₪",10867-3-65,דירה בבית קומות,4,שישית,0,"9,947 ₪",0
ללא כתובת,77,08/06/2017,"855,000 ₪",10867-3-66,דירה בבית קומות,3,רביעית,0,"11,104 ₪",0
ללא כתובת,76,06/06/2017,"850,000 ₪",10867-3-70,דירה בבית קומות,3,רביעית,0,"11,184 ₪",0
ללא כתובת,77,05/06/2017,"855,000 ₪",10867-3-71,דירה בבית קומות,3,שניה,0,"11,104 ₪",0
ללא כתובת,77,04/06/2017,"850,000 ₪",10867-3-72,דירה בבית קומות,3,רביעית,0,"11,039 ₪",0
ללא כתובת,76,01/06/2017,"855,000 ₪",10867-3-39,דירה,3,לא ידוע,0,"11,250 ₪",0
ללא כתובת,76,01/06/2017,"865,000 ₪",10867-3-40,דירה,3,לא ידוע,0,"11,382 ₪",0
ללא כתובת,94,01/06/2017,"870,000 ₪",10867-3-76,דירה בבית קומות,3,שניה,0,"9,255 ₪",0
ללא כתובת,76,29/05/2017,"850,000 ₪",10867-3-34,דירה,3,לא ידוע,0,"11,184 ₪",0
ללא כתובת,76,29/05/2017,"900,000 ₪",10867-3-38,דירה,3,לא ידוע,0,"11,842 ₪",0
ללא כתובת,77,29/05/2017,"855,000 ₪",10867-3-81,דירה בבית קומות,3,שניה,0,"11,104 ₪",0
ללא כתובת,94,21/05/2017,"975,000 ₪",10867-3-33,דירה,4,לא ידוע,0,"10,372 ₪",0
ללא כתובת,76,17/05/2017,"900,000 ₪",10867-3-31,דירה,3,לא ידוע,0,"11,842 ₪",0
ללא כתובת,94,17/05/2017,"960,000 ₪",10867-3-32,דירה,4,לא ידוע,0,"10,213 ₪",0
ללא כתובת,94,11/05/2017,"960,000 ₪",10867-3-89,דירה בבית קומות,4,שישית,0,"10,213 ₪",0
ללא כתובת,77,10/05/2017,"985,000 ₪",10867-3-90,דירה בבית קומות,3,לא ידוע,0,"12,792 ₪",0
ללא כתובת,94,27/04/2017,"975,000 ₪",10867-3-91,דירה בבית קומות,4,ראשונה,0,"10,372 ₪",0
הרב קניאל 11,67.8,20/04/2017,"740,000 ₪",10870-98-30,דירה בבית קומות,3,חמישית,1970,"10,914 ₪",22
"האר""י 24",75.5,20/04/2017,"850,000 ₪",11188-121-21,דירה בבית קומות,3,שלישית,1970,"11,333 ₪",5
"האר""י 24",75.5,17/01/2007,"355,000 ₪",11188-121-21,דירה בבית קומות,3,שלישית,1970,"11,333 ₪",5
ללא כתובת,76,30/03/2017,"990,000 ₪",10867-3-92,דירה בבית קומות,3,לא ידוע,0,"13,026 ₪",0
ללא כתובת,76,28/03/2017,"890,000 ₪",10867-3-93,דירה בבית קומות,3,לא ידוע,0,"11,711 ₪",0
הרב קניאל 11,83.1,26/02/2017,"1,055,000 ₪",10870-98-127,דירה בבית קומות,4,עשרים ואחת,1970,"12,696 ₪",22
ללא כתובת,94,21/02/2017,"965,000 ₪",10867-3-94,דירה בבית קומות,4,רביעית,0,"10,266 ₪",0
ללא כתובת,76,20/02/2017,"890,000 ₪",10867-3-95,דירה בבית קומות,3,ראשונה,0,"11,711 ₪",0
ללא כתובת,76,02/02/2017,"875,000 ₪",10867-3-23,דירה,3,לא ידוע,0,"11,513 ₪",0
ללא כתובת,70,01/02/2017,"875,000 ₪",10867-3-96,דירה בבית קומות,3,רביעית,0,"12,500 ₪",0
ללא כתובת,93,30/01/2017,"970,000 ₪",10867-3-22,דירה,4,לא ידוע,0,"10,430 ₪",0
ללא כתובת,70,30/01/2017,"875,000 ₪",10867-3-97,דירה בבית קומות,3,רביעית,0,"12,500 ₪",0
ללא כתובת,100,29/01/2017,"875,000 ₪",10867-3-98,דירה בבית קומות,3,שניה,0,"8,750 ₪",0
ללא כתובת,90,26/01/2017,"1,100,000 ₪",10867-15-1,דירה בבית קומות,4,ראשונה,0,"12,222 ₪",0
ללא כתובת,93,26/01/2017,"960,000 ₪",10867-3-17,דירה בבית קומות,4,חמישית,0,"10,323 ₪",0
ללא כתובת,76,26/01/2017,"890,000 ₪",10867-3-16,דירה,3,לא ידוע,0,"11,711 ₪",0
ללא כתובת,76,26/01/2017,"880,000 ₪",10867-3-15,דירה,3,לא ידוע,0,"11,579 ₪",0
ללא כתובת,93,26/01/2017,"1,100,000 ₪",10867-3-18,דירת גן,4,לא ידוע,0,"11,828 ₪",0
ללא כתובת,93,25/01/2017,"950,000 ₪",10867-3-14,דירה,4,לא ידוע,0,"10,215 ₪",0
ללא כתובת,76,24/01/2017,"885,000 ₪",10867-3-13,דירה,3,לא ידוע,0,"11,645 ₪",0
ללא כתובת,93,23/01/2017,"975,000 ₪",10867-3-12,דירה בבית קומות,4,שלישית,0,"10,484 ₪",0
הנגב 27,210,22/01/2017,"1,966,000 ₪",10867-17-1,בניני ציבור,לא ידוע,ראשונה,0,"9,362 ₪",0
ללא כתובת,93,22/01/2017,"1,115,000 ₪",10867-3-11,דירה בבית קומות,4,ראשונה,0,"11,989 ₪",0
ללא כתובת,93,19/01/2017,"965,000 ₪",10867-3-9,דירה בבית קומות,4,רביעית,0,"10,376 ₪",0
ללא כתובת,100,19/01/2017,"1,100,000 ₪",10867-3-103,דירת גן,4,רביעית,0,"11,000 ₪",0
ללא כתובת,93,18/01/2017,"975,000 ₪",10867-3-7,דירה בבית קומות,4,רביעית,0,"10,484 ₪",0
ללא כתובת,76,18/01/2017,"990,000 ₪",10867-3-8,דירת גן,3,ראשונה,0,"13,026 ₪",0
ללא כתובת,93,18/01/2017,"965,000 ₪",10867-3-6,דירה,4,לא ידוע,0,"10,376 ₪",0
ללא כתובת,76,17/01/2017,"850,000 ₪",10867-3-5,דירה בבית קומות,3,שישית,0,"11,184 ₪",0
ללא כתובת,93,16/01/2017,"975,000 ₪",10867-3-4,דירה,4,לא ידוע,0,"10,484 ₪",0
ללא כתובת,76,15/01/2017,"875,000 ₪",10867-3-3,דירה בבית קומות,3,שניה,0,"11,513 ₪",0
ללא כתובת,93,12/01/2017,"970,000 ₪",10867-3-2,דירה בבית קומות,4,רביעית,0,"10,430 ₪",0
מקור ברוך 3,33.8,08/01/2017,"600,000 ₪",11188-77-27,דירה בבית קומות,2,שניה,1950,"17,751 ₪",2
ללא כתובת,94,08/01/2017,"965,000 ₪",10867-3-111,דירה בבית קומות,4,שלישית,0,"10,266 ₪",0
ללא כתובת,94,05/01/2017,"965,000 ₪",10867-3-112,דירה בבית קומות,4,ראשונה,0,"10,266 ₪",0
ללא כתובת,133,12/12/2016,"2,180,000 ₪",11188-9-2,דירה בבית קומות,5,שמינית,0,"16,391 ₪",0
זבולון 15,55,11/12/2016,"490,000 ₪",10907-36-24,דירה בבית קומות,3,ראשונה,1950,"8,909 ₪",3
אהבת ישראל 12,83.29,08/12/2016,"980,000 ₪",11188-129-14,דירה בבית קומות,3,שישית,2007,"11,807 ₪",8
אהבת ישראל 12,83.29,19/03/2010,"600,000 ₪",11188-129-14,דירה בבית קומות,3,שישית,2007,"11,807 ₪",8
מקור ברוך 8,54.9,29/11/2016,"820,000 ₪",11188-98-15,דירה בבית קומות,3,שלישית,1960,"15,185 ₪",3
מקור ברוך 8,54.9,21/03/2016,"800,000 ₪",11188-98-15,דירה בבית קומות,3,שלישית,1960,"15,185 ₪",3
זבולון 15,25,27/11/2016,"200,000 ₪",10907-36-25,דירה בבית קומות,2,לא ידוע,1950,"8,000 ₪",3
ללא כתובת,127,09/10/2016,"1,870,000 ₪",11188-9-1,דירה בבית קומות,5,שלישית,0,"14,724 ₪",0
מקור ברוך 13,85,23/08/2016,"550,000 ₪",11188-144-1,דירה בבית קומות,4,לא ידוע,1990,"6,471 ₪",1
"האר""י 16",37.7,04/08/2016,"600,000 ₪",11188-116-10,דירה בבית קומות,2,קרקע,1960,"16,216 ₪",3
"האר""י 16",37.7,16/06/2011,"305,000 ₪",11188-116-10,דירה בבית קומות,2,קרקע,1960,"16,216 ₪",3
"האר""י 6",76.3,30/06/2016,"400,000 ₪",11188-118-22,דירה בבית קומות,3,שניה,1970,"5,242 ₪",3
זבולון 15,27,27/06/2016,"160,000 ₪",10907-36-26,דירה בבית קומות,1,לא ידוע,1950,"5,926 ₪",3
מקור ברוך 8,55.1,07/06/2016,"885,000 ₪",11188-98-6,דירה בבית קומות,3,ראשונה,1960,"16,062 ₪",3
הרב קניאל 11,81.5,05/06/2016,"1,000,000 ₪",10870-98-34,דירה בבית קומות,4,שישית,1970,"12,270 ₪",22
ללא כתובת,50.08,31/03/2016,"490,000 ₪",10867-127-4,דירה בבית קומות,2,קרקע,0,"9,800 ₪",0
ללא כתובת,50.08,28/01/1999,"365,000 ₪",10867-127-4,דירה בבית קומות,2,קרקע,0,"9,800 ₪",0
ללא כתובת,50.08,31/03/2016,חלק נמכר,10867-127-4,דירה בבית קומות,2,קרקע,0,"9,800 ₪",0
ללא כתובת,50.08,מחיר,1,10867-127-4,דירה בבית קומות,2,קרקע,0,"9,800 ₪",0
ללא כתובת,50.08,7%,"34,300 ₪",10867-127-4,דירה בבית קומות,2,קרקע,0,"9,800 ₪",0
ללא כתובת,50.08,2,7%,10867-127-4,דירה בבית קומות,2,קרקע,0,"9,800 ₪",0
ללא כתובת,50.08,"34,300 ₪",3,10867-127-4,דירה בבית קומות,2,קרקע,0,"9,800 ₪",0
ללא כתובת,50.08,4,78%,10867-127-4,דירה בבית קומות,2,קרקע,0,"9,800 ₪",0
ללא כתובת,50.08,"382,200 ₪","490,000 ₪",10867-127-4,דירה בבית קומות,2,קרקע,0,"9,800 ₪",0
הרב קניאל 1,78,08/02/2016,"1,125,000 ₪",10870-99-8,דירה בבית קומות,4,שניה,1970,"14,423 ₪",4
אהבת ישראל 4,85,26/01/2016,"1,000,000 ₪",11188-1-9,דירה בבית קומות,4,ראשונה,2000,"11,765 ₪",8
אהבת ישראל 6,115,11/01/2016,"1,450,000 ₪",11188-1-8,דירה בבית קומות,6,שמינית,2000,"12,609 ₪",8
ללא כתובת,50.08,29/12/2015,"465,000 ₪",10867-127-10,דירה בבית קומות,3,שלישית,0,"9,300 ₪",0
ללא כתובת,50.08,10/04/2011,"297,000 ₪",10867-127-10,דירה בבית קומות,3,שלישית,0,"9,300 ₪",0
אהבת ישראל 14,82.6,15/12/2015,"900,000 ₪",11188-130-17,דירה בבית קומות,3,שמינית,2010,"10,976 ₪",8
אהבת ישראל 14,82.6,04/11/2010,"590,000 ₪",11188-130-17,דירה בבית קומות,3,שמינית,2010,"10,976 ₪",8
"האר""י 10",75.3,26/11/2015,"785,000 ₪",11188-117-11,דירה בבית קומות,3,ראשונה,1960,"10,425 ₪",3
"האר""י 10",75.3,11/10/2015,"790,000 ₪",11188-117-16,דירה בבית קומות,3,שלישית,1960,"10,491 ₪",3
ללא כתובת,50.08,08/10/2015,"537,000 ₪",10867-127-5,דירה בבית קומות,2.5,ראשונה,0,"10,740 ₪",0
ללא כתובת,50.08,06/07/2013,"440,000 ₪",10867-127-5,דירה בבית קומות,2.5,ראשונה,0,"10,740 ₪",0
ללא כתובת,50.08,14/09/2010,"225,000 ₪",10867-127-5,דירה בבית קומות,2.5,ראשונה,0,"10,740 ₪",0
אהבת ישראל 16,94.09,08/09/2015,"1,100,000 ₪",11188-131-5,דירה בבית קומות,4,שלישית,2010,"11,702 ₪",6
אהבת ישראל 16,94.09,25/08/2013,"925,000 ₪",11188-131-5,דירה בבית קומות,4,שלישית,2010,"11,702 ₪",6
אהבת ישראל 12,95.9,05/08/2015,"1,073,000 ₪",11188-129-11,דירה בבית קומות,4,חמישית,2007,"11,295 ₪",8
אהבת ישראל 12,95.9,05/04/2012,"910,000 ₪",11188-129-11,דירה בבית קומות,4,חמישית,2007,"11,295 ₪",8
זבולון 15,57,15/07/2015,"580,000 ₪",10907-36-16,דירה בבית קומות,2.5,ראשונה,1950,"10,175 ₪",3
אהבת ישראל 6,120,14/07/2015,"1,100,000 ₪",11188-1-7,דירה בבית קומות,6,שלישית,2000,"9,167 ₪",8
ללא כתובת,75,02/07/2015,"930,000 ₪",11188-61-9,דירה בבית קומות,3,שניה,0,"12,400 ₪",0
הרב קניאל 11,68.9,01/07/2015,"725,000 ₪",10870-98-110,דירה בבית קומות,3,שמונה עשרה,1970,"10,522 ₪",22
מקור ברוך 10,220.53,22/06/2015,"2,200,000 ₪",11188-99-19,דירה בבית קומות,5.5,שלישית,1968,"9,976 ₪",5
אהבת ישראל 12,124.27,18/06/2015,"1,400,000 ₪",11188-129-22,דירה בבית קומות,5,שמינית,2007,"11,290 ₪",8
אהבת ישראל 12,124.27,23/06/2004,"932,000 ₪",11188-129-22,דירה בבית קומות,5,שמינית,2007,"11,290 ₪",8
אהבת ישראל 16,81.91,10/06/2015,"900,000 ₪",11188-131-11,דירה בבית קומות,3,חמישית,2010,"10,988 ₪",6
מקור ברוך 8,70,09/06/2015,"530,000 ₪",11188-98-3,דירה בבית קומות,4,קרקע,1960,"7,571 ₪",3
מקור ברוך 8,70,13/02/2012,"663,000 ₪",11188-98-3,דירה בבית קומות,4,קרקע,1960,"7,571 ₪",3
מקור ברוך 8,55.1,02/06/2015,"840,000 ₪",11188-98-10,דירה בבית קומות,3,שניה,1960,"15,273 ₪",3
מקור ברוך 8,55.1,06/01/2012,"600,000 ₪",11188-98-10,דירה בבית קומות,3,שניה,1960,"15,273 ₪",3
מקור ברוך 8,55.1,28/08/2002,"479,000 ₪",11188-98-10,דירה בבית קומות,3,שניה,1960,"15,273 ₪",3
מקור ברוך 8,55.1,14/05/1999,"543,000 ₪",11188-98-10,דירה בבית קומות,3,שניה,1960,"15,273 ₪",3
ללא כתובת,80,01/06/2015,"900,000 ₪",11188-57-1,דירה בבית קומות,4,לא ידוע,0,"11,250 ₪",0
אהבת ישראל 4,80,28/05/2015,"979,000 ₪",11188-1-6,דירה בבית קומות,4,שישית,2000,"12,238 ₪",8
אהבת ישראל 4,60,26/05/2015,"1,000,000 ₪",11188-1-5,דירה בבית קומות,3,חמישית,2000,"16,667 ₪",8
מיכאל 43,21,25/05/2015,"167,000 ₪",10907-39-8,דירה בבית קומות,2,לא ידוע,1935,"7,952 ₪",2
אהבת ישראל 4,60,13/05/2015,"850,000 ₪",11188-1-4,דירה בבית קומות,3,שלישית,2000,"14,167 ₪",8
הרב קניאל 1,50,31/03/2015,"82,000 ₪",10870-99-7,חנות,לא ידוע,ראשונה,1970,"1,640 ₪",4
מקור ברוך 18,לא ידוע,17/03/2015,"280,000 ₪",11188-84-1,דירה בבית קומות,1,מרתף,1960,לא ידוע,3
זבולון 15,78.38,10/02/2015,"750,000 ₪",10907-36-11,דירה בבית קומות,3,שניה,1950,"9,615 ₪",3
זבולון 15,78.38,25/12/2012,"700,000 ₪",10907-36-11,דירה בבית קומות,3,שניה,1950,"9,615 ₪",3
ללא כתובת,50.08,09/02/2015,"450,000 ₪",10867-127-8,דירה בבית קומות,3,שניה,0,"8,986 ₪",0
ללא כתובת,98,03/02/2015,"1,050,000 ₪",11188-59-1,דירה בבית קומות,4,שמינית,0,"10,714 ₪",0
אהבת ישראל 6,107,29/01/2015,"1,130,000 ₪",11188-1-3,דירה בבית קומות,5,שמינית,2000,"10,561 ₪",8
מקור ברוך 10,59,15/01/2015,"725,000 ₪",11188-99-9,דירה בבית קומות,3,שניה,1968,"12,288 ₪",5
"האר""י 24",59.3,24/12/2014,"590,000 ₪",11188-121-17,דירה בבית קומות,2,ראשונה,1970,"9,949 ₪",5
"האר""י 20",59.3,16/12/2014,"475,000 ₪",11188-121-1,דירה בבית קומות,2,ראשונה,1970,"8,010 ₪",5
ללא כתובת,40.3,27/11/2014,"490,000 ₪",10867-217-5,דירה בבית קומות,2,שניה,0,"12,250 ₪",0
ללא כתובת,40.3,07/07/2010,"170,000 ₪",10867-217-5,דירה בבית קומות,2,שניה,0,"12,250 ₪",0
ללא כתובת,40.3,14/10/2009,"130,000 ₪",10867-217-5,דירה בבית קומות,2,שניה,0,"12,250 ₪",0
ללא כתובת,40.3,30/10/2014,"373,000 ₪",10867-217-2,דירה בבית קומות,2,ראשונה,0,"9,256 ₪",0
אהבת ישראל 6,120,28/10/2014,"1,100,000 ₪",11188-1-2,דירה בבית קומות,5,תשיעית,2000,"9,167 ₪",8
הרב קניאל 11,83.1,18/09/2014,"860,000 ₪",10870-98-61,דירה בבית קומות,4,עשירית,1970,"10,349 ₪",22
רופין 1,250,28/07/2014,"1,170,000 ₪",11188-15-2,בניני ציבור,לא ידוע,לא ידוע,1957,"4,680 ₪",0
רופין 1,250,28/07/2014,"739,000 ₪",11188-15-1,בניני ציבור,לא ידוע,לא ידוע,1957,"2,956 ₪",0
אהבת ישראל 10,75.05,14/07/2014,"679,000 ₪",11188-128-10,דירה בבית קומות,3,חמישית,2000,"9,047 ₪",8
ללא כתובת,52.4,10/07/2014,"720,000 ₪",10867-122-7,דירה בבית קומות,2.5,שניה,0,"13,846 ₪",0
ללא כתובת,52.4,07/06/2005,"312,000 ₪",10867-122-7,דירה בבית קומות,2.5,שניה,0,"13,846 ₪",0
אהבת ישראל 10,71.62,04/05/2014,"820,000 ₪",11188-128-9,דירה בבית קומות,3,רביעית,2000,"11,449 ₪",8
הרב קניאל 1,80,29/04/2014,"1,010,000 ₪",10870-99-18,דירה בבית קומות,4,ראשונה,1970,"12,625 ₪",4
ללא כתובת,52,02/04/2014,"391,000 ₪",10907-40-5,דירה בבית קומות,2,שניה,0,"7,519 ₪",0
הרב קניאל 11,67.8,20/02/2014,"740,000 ₪",10870-98-59,דירה בבית קומות,3,עשירית,1970,"10,914 ₪",22
ללא כתובת,40,12/01/2014,"380,000 ₪",10907-40-6,דירה בבית קומות,2,שניה,0,"9,500 ₪",0
מיכאל 43,70,29/10/2013,"645,000 ₪",10907-39-11,דירה בבית קומות,3,שניה,1935,"9,214 ₪",2
"האר""י 24",59.3,25/08/2013,"480,000 ₪",11188-121-16,דירה בבית קומות,2,ראשונה,1970,"8,094 ₪",5
אהבת ישראל 12,75.49,04/08/2013,"700,000 ₪",11188-129-13,דירה בבית קומות,3,שישית,2007,"9,333 ₪",8
אהבת ישראל 12,75.49,15/03/2002,"503,000 ₪",11188-129-13,דירה בבית קומות,3,שישית,2007,"9,333 ₪",8
זבולון 13,44.65,24/07/2013,"560,000 ₪",10907-34-9,דירה בבית קומות,3,שניה,1950,"12,727 ₪",3
זבולון 13,44.65,09/10/2011,"350,000 ₪",10907-34-9,דירה בבית קומות,3,שניה,1950,"12,727 ₪",3
זבולון 13,44.65,28/08/2008,"170,000 ₪",10907-34-9,דירה בבית קומות,3,שניה,1950,"12,727 ₪",3
זבולון 13,44.65,06/09/2007,"165,000 ₪",10907-34-9,דירה בבית קומות,3,שניה,1950,"12,727 ₪",3
זבולון 13,44.65,16/01/2007,"156,000 ₪",10907-34-9,דירה בבית קומות,3,שניה,1950,"12,727 ₪",3
אליעזר 1,93.5,23/06/2013,"1,000,000 ₪",11188-77-3,דירה בבית קומות,4,ראשונה,1950,"10,695 ₪",2
אהבת ישראל 14,93.44,09/06/2013,"950,000 ₪",11188-130-9,דירה בבית קומות,4,חמישית,2010,"10,215 ₪",8
אהבת ישראל 14,93.44,30/06/2010,"713,555 ₪",11188-130-9,דירה בבית קומות,4,חמישית,2010,"10,215 ₪",8
ללא כתובת,70,26/05/2013,"700,000 ₪",11188-61-63,דירה בבית קומות,3,חמישית,0,"10,000 ₪",0
הרב קניאל 11,70.7,22/05/2013,"350,000 ₪",10870-98-39,דירה בבית קומות,3,שביעית,1970,"4,950 ₪",22
מקור ברוך 1,116,29/04/2013,"750,000 ₪",11188-77-11,דירה בבית קומות,4,שניה,1950,"6,466 ₪",2
מקור ברוך 1,116,04/04/2002,"773,000 ₪",11188-77-11,דירה בבית קומות,4,שניה,1950,"6,466 ₪",2
הרב קניאל 11,67.8,26/04/2013,"745,000 ₪",10870-98-72,דירה בבית קומות,3,שתים עשרה,1970,"11,119 ₪",22
הרב קניאל 11,67.8,01/08/2002,"375,000 ₪",10870-98-72,דירה בבית קומות,3,שתים עשרה,1970,"11,119 ₪",22
"האר""י 12",64.4,24/04/2013,"500,000 ₪",11188-117-18,דירה בבית קומות,2,קרקע,1960,"7,764 ₪",3
מקור ברוך 2,78.94,18/02/2013,"665,000 ₪",11188-97-9,דירה בבית קומות,3,שניה,1960,"8,424 ₪",3
"האר""י 2",64.6,20/12/2012,"475,000 ₪",11188-118-1,דירה בבית קומות,2,קרקע,1970,"7,353 ₪",3
ללא כתובת,61.07,21/11/2012,"500,000 ₪",10867-201-3,דירה בבית קומות,3,מרתף,0,"8,197 ₪",0
ללא כתובת,61.07,14/08/2008,"238,000 ₪",10867-201-3,דירה בבית קומות,3,מרתף,0,"8,197 ₪",0
הרב קניאל 11,68.9,07/11/2012,"710,000 ₪",10870-98-116,דירה בבית קומות,3,תשע עשרה,1970,"10,441 ₪",22
הרב קניאל 11,68.9,28/06/2007,"320,000 ₪",10870-98-116,דירה בבית קומות,3,תשע עשרה,1970,"10,441 ₪",22
זבולון 11,52.4,28/10/2012,"399,000 ₪",10907-31-4,דירה בבית קומות,2,ראשונה,1940,"7,615 ₪",4
ללא כתובת,לא ידוע,29/08/2012,"150,000 ₪",10867-124-1,דירה בבית קומות,1,מרתף,0,לא ידוע,0
ללא כתובת,75,01/08/2012,"899,000 ₪",11188-57-2,דירה בבית קומות,4,ראשונה,0,"11,987 ₪",0
ללא כתובת,41,28/06/2012,"340,000 ₪",10867-217-6,דירה בבית קומות,2,שניה,0,"8,293 ₪",0
ללא כתובת,41,30/11/2009,"190,000 ₪",10867-217-6,דירה בבית קומות,2,שניה,0,"8,293 ₪",0
ללא כתובת,41,08/11/2008,"165,000 ₪",10867-217-6,דירה בבית קומות,2,שניה,0,"8,293 ₪",0
מקור ברוך 3,35.5,17/05/2012,"520,000 ₪",11188-77-16,דירה בבית קומות,2,מרתף,1950,"14,857 ₪",2
מקור ברוך 3,35.5,10/01/1999,"228,000 ₪",11188-77-16,דירה בבית קומות,2,מרתף,1950,"14,857 ₪",2
אהבת ישראל 12,75.05,06/05/2012,"630,000 ₪",11188-129-5,דירה בבית קומות,3,רביעית,2007,"8,400 ₪",8
אהבת ישראל 12,75.05,15/03/2002,"490,000 ₪",11188-129-5,דירה בבית קומות,3,רביעית,2007,"8,400 ₪",8
הרב קניאל 1,104,04/04/2012,"755,000 ₪",10870-99-6,דירה בבית קומות,4,שניה,1970,"7,260 ₪",4
ללא כתובת,50,27/03/2012,"275,000 ₪",10907-40-4,דירה בבית קומות,2,לא ידוע,0,"5,500 ₪",0
ללא כתובת,80,22/03/2012,"750,000 ₪",11188-59-2,דירה בבית קומות,4,שביעית,0,"9,375 ₪",0
אהבת ישראל 14,82.48,24/01/2012,"1,720,000 ₪",11188-130-19,דירה בבית קומות,4,שמינית,2010,"20,854 ₪",8
"האר""י 18",76.3,15/01/2012,"570,000 ₪",11188-116-20,דירה בבית קומות,3,ראשונה,1960,"7,500 ₪",3
"האר""י 18",76.3,01/05/2002,"487,000 ₪",11188-116-20,דירה בבית קומות,3,ראשונה,1960,"7,500 ₪",3
"האר""י 14",76.3,15/01/2012,"620,000 ₪",11188-116-7,דירה בבית קומות,3,שלישית,1960,"8,126 ₪",3
"האר""י 18",76.3,26/12/2011,"645,000 ₪",11188-116-22,דירה בבית קומות,3,שניה,1960,"8,453 ₪",3
הרב קניאל 11,67.8,21/12/2011,"527,000 ₪",10870-98-125,דירה בבית קומות,3,עשרים ואחת,1970,"7,773 ₪",22
הרב קניאל 1,90,07/11/2011,"760,000 ₪",10870-99-19,דירה בבית קומות,4,שניה,1970,"8,444 ₪",4
אהבת ישראל 6,100,06/10/2011,"700,000 ₪",11188-1-1,דירה בבית קומות,5,שישית,2000,"7,000 ₪",8
הנגב 27,60,09/09/2011,"165,000 ₪",10867-17-2,דירה בבית קומות,2,ראשונה,0,"2,750 ₪",0
אהבת ישראל 16,100,17/07/2011,"760,000 ₪",11188-131-3,דירה בבית קומות,4,שניה,2010,"7,600 ₪",6
הרב קניאל 11,67.8,10/06/2011,"535,000 ₪",10870-98-83,דירה בבית קומות,3,ארבע עשרה,1970,"7,891 ₪",22
ללא כתובת,27,20/02/2011,"274,000 ₪",10867-126-3,דירה בבית קומות,1.5,קרקע,0,"10,148 ₪",0
"האר""י 20",75.5,13/02/2011,"480,000 ₪",11188-121-6,דירה בבית קומות,3,רביעית,1970,"6,358 ₪",5
מיכאל 43,50,24/01/2011,"450,000 ₪",10907-39-7,דירה בבית קומות,2,ראשונה,1935,"9,000 ₪",2
ללא כתובת,52.4,22/12/2010,"405,000 ₪",10867-122-4,דירה בבית קומות,3,ראשונה,0,"7,729 ₪",0
ארנון 6,27.11,16/11/2010,"210,000 ₪",10907-35-5,דירה בבית קומות,1.5,שניה,1950,"7,746 ₪",3
אליעזר 3,33.8,26/10/2010,"145,000 ₪",11188-77-22,דירה בבית קומות,1.5,ראשונה,1950,"4,290 ₪",2
זבולון 15,27,14/10/2010,"100,000 ₪",10907-36-27,דירה בבית קומות,1,לא ידוע,1950,"3,704 ₪",3
הרב קניאל 11,67.8,11/10/2010,"515,000 ₪",10870-98-23,דירה בבית קומות,3,רביעית,1970,"7,596 ₪",22
מקור ברוך 18,41,25/09/2010,"330,000 ₪",11188-84-9,דירה בבית קומות,2,שלישית,1960,"8,049 ₪",3
"האר""י 8",75.3,23/08/2010,"550,000 ₪",11188-117-8,דירה בבית קומות,3.5,שלישית,1960,"7,304 ₪",3
"האר""י 6",76.3,16/08/2010,"490,000 ₪",11188-118-20,דירה בבית קומות,3,ראשונה,1970,"6,422 ₪",3
תבור 5,28.6,21/07/2010,"218,000 ₪",10907-41-4,דירה בבית קומות,1.5,ראשונה,1950,"7,786 ₪",2
תבור 5,28.6,12/02/1998,"277,000 ₪",10907-41-4,דירה בבית קומות,1.5,ראשונה,1950,"7,786 ₪",2
אהבת ישראל 16,82.43,07/07/2010,"569,880 ₪",11188-131-18,דירה,3,שמינית,2010,"6,914 ₪",6
אהבת ישראל 14,89.06,27/06/2010,"713,555 ₪",11188-130-18,דירה,4,שמינית,2010,"8,012 ₪",8
אהבת ישראל 16,99.5,24/06/2010,"727,000 ₪",11188-131-2,דירה בבית קומות,4,שניה,2010,"7,307 ₪",6
ללא כתובת,41,17/06/2010,"300,000 ₪",10867-217-4,דירה בבית קומות,2.5,ראשונה,0,"7,317 ₪",0
אהבת ישראל 14,78.64,13/06/2010,"550,000 ₪",11188-130-16,דירה בבית קומות,3,שביעית,2010,"6,994 ₪",8
אהבת ישראל 16,82.38,03/06/2010,"560,000 ₪",11188-131-20,דירה בבית קומות,3,שמינית,2010,"6,798 ₪",6
הרב קניאל 11,67.8,23/05/2010,"463,000 ₪",10870-98-60,דירה בבית קומות,3,עשירית,1970,"6,829 ₪",22
מיכאל 43,22,22/04/2010,"60,000 ₪",10907-39-3,דירה בבית קומות,1,לא ידוע,1935,"2,727 ₪",2
מיכאל 43,56,22/04/2010,"360,000 ₪",10907-39-5,דירה בבית קומות,2.5,ראשונה,1935,"6,429 ₪",2
מיכאל 43,50,22/04/2010,"300,000 ₪",10907-39-4,דירה בבית קומות,2,לא ידוע,1935,"6,000 ₪",2
ללא כתובת,50,22/04/2010,"230,000 ₪",10907-40-2,דירה בבית קומות,2,ראשונה,0,"4,600 ₪",0
מיכאל 43,75,22/04/2010,"450,000 ₪",10907-39-6,דירה בבית קומות,2.5,שניה,1935,"6,000 ₪",2
הרב קניאל 1,104,11/03/2010,"700,000 ₪",10870-99-20,דירה בבית קומות,4.5,שלישית,1970,"6,731 ₪",4
מקור ברוך 18,59.5,05/03/2010,"850,000 ₪",11188-84-15,דירה בבית קומות,2.5,ראשונה,1960,"14,286 ₪",3
הרב קניאל 11,68.9,21/02/2010,"450,000 ₪",10870-98-62,דירה בבית קומות,3,עשירית,1970,"6,531 ₪",22
ללא כתובת,לא ידוע,25/01/2010,"972,000 ₪",10867-128-1,בניני ציבור,לא ידוע,מרתף,0,לא ידוע,0
ארנון 4,60,03/01/2010,"200,000 ₪",10907-32-2,דירה בבית קומות,2,שלישית,1940,"3,333 ₪",4
ללא כתובת,200,22/12/2009,"583,000 ₪",10867-215-1,בניני ציבור,לא ידוע,לא ידוע,0,"2,915 ₪",0
זבולון 15,27,01/12/2009,"100,000 ₪",10907-36-28,דירה בבית קומות,1,לא ידוע,1950,"3,704 ₪",3
הרב קניאל 1,85,05/11/2009,"650,000 ₪",10870-99-5,דירה בבית קומות,4,שניה,1970,"7,647 ₪",4
ללא כתובת,87.8,16/10/2009,"353,500 ₪",10867-201-6,דירה בבית קומות,5,ראשונה,0,"4,026 ₪",0
הרב קניאל 11,68.9,23/09/2009,"445,000 ₪",10870-98-50,דירה בבית קומות,3,שמינית,1970,"6,459 ₪",22
ללא כתובת,61.13,31/08/2009,"420,000 ₪",10867-120-3,דירה בבית קומות,2,שניה,0,"6,885 ₪",0
ללא כתובת,61.13,23/03/2009,"100,000 ₪",10867-120-3,דירה בבית קומות,2,שניה,0,"6,885 ₪",0
ללא כתובת,74,17/08/2009,"711,000 ₪",11188-61-8,דירה בבית קומות,4,תשיעית,0,"9,608 ₪",0
הרב קניאל 11,67.8,29/06/2009,"400,000 ₪",10870-98-29,דירה בבית קומות,3,חמישית,1970,"5,900 ₪",22
מיכאל 41,50.84,15/06/2009,"230,000 ₪",10907-37-5,דירה בבית קומות,2,קרקע,1950,"4,524 ₪",2
הרב קניאל 11,81.5,26/03/2009,"445,000 ₪",10870-98-82,דירה בבית קומות,4,ארבע עשרה,1970,"5,460 ₪",22
הרב קניאל 11,67.8,01/03/2009,"195,000 ₪",10870-98-78,דירה בבית קומות,3,שלוש עשרה,1970,"2,876 ₪",22
ללא כתובת,55.67,26/02/2009,"250,000 ₪",10867-120-2,דירה בבית קומות,2,ראשונה,0,"4,491 ₪",0
מקור ברוך 8,63.7,17/02/2009,"575,000 ₪",11188-98-5,דירה בבית קומות,3,קרקע,1960,"9,027 ₪",3
מקור ברוך 8,89.27,13/02/2009,"480,000 ₪",11188-98-4,דירה בבית קומות,3,קרקע,1960,"5,393 ₪",3
מקור ברוך 8,89.27,01/05/2001,"249,000 ₪",11188-98-4,דירה בבית קומות,3,קרקע,1960,"5,393 ₪",3
מיכאל 43,130,12/02/2009,"382,000 ₪",10907-39-2,בניני ציבור,לא ידוע,לא ידוע,1935,"2,938 ₪",2
ללא כתובת,100,12/02/2009,"149,000 ₪",10907-40-1,בניני ציבור,לא ידוע,לא ידוע,0,"1,490 ₪",0
ללא כתובת,120,05/02/2009,"865,000 ₪",11188-12-1,דירה בבית קומות,5,שניה,0,"7,208 ₪",0
ללא כתובת,41,04/02/2009,"110,000 ₪",10867-217-3,דירה בבית קומות,2,ראשונה,0,"2,683 ₪",0
ללא כתובת,41,14/01/1998,"98,000 ₪",10867-217-3,דירה בבית קומות,2,ראשונה,0,"2,683 ₪",0
הרב קניאל 11,67.8,23/01/2009,"375,000 ₪",10870-98-54,דירה בבית קומות,3,תשיעית,1970,"5,531 ₪",22
זבולון 13,37.7,16/12/2008,"110,000 ₪",10907-34-16,דירה בבית קומות,2,קרקע,1950,"2,973 ₪",3
זבולון 13,37.7,17/10/2004,"150,000 ₪",10907-34-16,דירה בבית קומות,2,קרקע,1950,"2,973 ₪",3
זבולון 13,37.7,13/03/2001,"123,000 ₪",10907-34-16,דירה בבית קומות,2,קרקע,1950,"2,973 ₪",3
זבולון 13,37.7,04/05/1999,"288,000 ₪",10907-34-16,דירה בבית קומות,2,קרקע,1950,"2,973 ₪",3
ללא כתובת,64.71,09/12/2008,"175,000 ₪",10867-124-7,דירה בבית קומות,4,קרקע,0,"2,704 ₪",0
הרב קניאל 11,67.8,09/12/2008,"335,000 ₪",10870-98-101,דירה בבית קומות,3,שבע עשרה,1970,"4,941 ₪",22
"האר""י 2",55,26/10/2008,"255,000 ₪",11188-118-14,דירה בבית קומות,2,שניה,1970,"4,636 ₪",3
אהבת ישראל 12,75.05,07/10/2008,"456,000 ₪",11188-129-8,דירה בבית קומות,3,רביעית,2007,"6,076 ₪",8
מקור ברוך 18,60,01/09/2008,"445,000 ₪",11188-84-28,דירה בבית קומות,3,שלישית,1960,"7,417 ₪",3
מקור ברוך 18,60,12/02/2002,"566,000 ₪",11188-84-28,דירה בבית קומות,3,שלישית,1960,"7,417 ₪",3
ללא כתובת,49.76,20/08/2008,"260,000 ₪",10867-170-5,דירה בבית קומות,2.5,שניה,0,"5,225 ₪",0
הרב קניאל 11,81.5,17/08/2008,"470,000 ₪",10870-98-16,דירה בבית קומות,4.5,שלישית,1970,"5,767 ₪",22
ללא כתובת,386,17/08/2008,"1,260,000 ₪",10867-128-0,בניני ציבור,לא ידוע,לא ידוע,0,"3,264 ₪",0
הרב קניאל 1,80,31/07/2008,"490,000 ₪",10870-99-4,דירה בבית קומות,4,רביעית,1970,"6,125 ₪",4
הרב קניאל 1,100,25/06/2008,"423,000 ₪",10870-99-3,דירה בבית קומות,4,רביעית,1970,"4,230 ₪",4
הרב קניאל 1,100,04/05/2008,"407,000 ₪",10870-99-2,דירה בבית קומות,4,רביעית,1970,"4,070 ₪",4
אהבת ישראל 4,100,30/04/2008,"580,000 ₪",11188-1-16,דירה בבית קומות,4,לא ידוע,2000,"5,800 ₪",8
"האר""י 18",75.3,10/03/2008,"365,000 ₪",11188-116-21,דירה בבית קומות,3,שניה,1960,"4,847 ₪",3
"האר""י 22",75.5,06/03/2008,"201,000 ₪",11188-121-11,דירה בבית קומות,3,שניה,1970,"2,662 ₪",5
מיכאל 43,64,05/03/2008,"203,000 ₪",10907-39-1,דירה בבית קומות,2,שניה,1935,"3,172 ₪",2
אהבת ישראל 12,76.1,24/01/2008,"460,000 ₪",11188-129-12,דירה בבית קומות,3,חמישית,2007,"6,045 ₪",8
ללא כתובת,43.53,08/01/2008,"217,000 ₪",10867-121-4,דירה בבית קומות,2,שניה,0,"5,047 ₪",0
ללא כתובת,43.53,02/05/2001,"310,000 ₪",10867-121-4,דירה בבית קומות,2,שניה,0,"5,047 ₪",0
אהבת ישראל 12,74.93,30/12/2007,"460,000 ₪",11188-129-16,דירה בבית קומות,3,שישית,2007,"6,139 ₪",8
אליעזר 3,65.5,20/12/2007,"520,000 ₪",11188-77-24,דירה בבית קומות,3,שניה,1950,"7,939 ₪",2
זבולון 11,52.4,17/12/2007,"141,000 ₪",10907-31-6,דירה בבית קומות,2,שניה,1940,"2,691 ₪",4
ללא כתובת,לא ידוע,10/12/2007,"434,000 ₪",10867-126-1,בניני ציבור,לא ידוע,מרתף,0,לא ידוע,0
ארנון 6,54.7,19/11/2007,"155,000 ₪",10907-35-4,דירה בבית קומות,2,שניה,1950,"2,834 ₪",3
ללא כתובת,46.75,02/09/2007,"222,000 ₪",10867-170-2,דירה בבית קומות,3,ראשונה,0,"4,749 ₪",0
ללא כתובת,50.23,31/05/2007,"302,000 ₪",10867-169-4,דירה בבית קומות,2,שניה,0,"6,012 ₪",0
"האר""י 6",76.3,31/05/2007,"395,000 ₪",11188-118-24,דירה בבית קומות,3,שלישית,1970,"5,177 ₪",3
"האר""י 22",75.5,25/03/2007,"344,000 ₪",11188-121-14,דירה בבית קומות,3,רביעית,1970,"4,556 ₪",5
הרב קניאל 1,99,09/03/2007,"448,000 ₪",10870-99-1,דירה בבית קומות,4,ראשונה,1970,"4,525 ₪",4
אהבת ישראל 12,74.93,13/02/2007,"460,000 ₪",11188-129-17,דירה בבית קומות,3,שביעית,2007,"6,139 ₪",8
ללא כתובת,59.07,29/11/2006,"218,000 ₪",10867-121-2,דירה בבית קומות,3,קרקע,0,"3,695 ₪",0
ללא כתובת,59.07,02/05/2001,"331,000 ₪",10867-121-2,דירה בבית קומות,3,קרקע,0,"3,695 ₪",0
"האר""י 20",75.5,23/11/2006,"379,000 ₪",11188-121-7,דירה בבית קומות,3,רביעית,1970,"5,020 ₪",5
ללא כתובת,125,25/10/2006,"865,000 ₪",11188-12-2,דירה בבית קומות,5,שניה,0,"6,920 ₪",0
"האר""י 16",75.3,28/09/2006,"103,000 ₪",11188-116-13,דירה בבית קומות,3,שניה,1960,"1,368 ₪",3
ללא כתובת,53.6,09/05/2006,"284,000 ₪",10867-122-3,דירה בבית קומות,2,ראשונה,0,"5,299 ₪",0
"האר""י 16",75.3,01/05/2006,"275,000 ₪",11188-116-15,דירה בבית קומות,3,שלישית,1960,"3,652 ₪",3
"האר""י 20",75.5,11/10/2005,"462,000 ₪",11188-121-4,דירה בבית קומות,3,שלישית,1970,"6,119 ₪",5
מקור ברוך 3,51.7,15/02/2005,"392,000 ₪",11188-77-17,דירה בבית קומות,3,קרקע,1950,"7,582 ₪",2
אהבת ישראל 4,100,15/02/2005,"633,000 ₪",11188-1-17,דירה בבית קומות,4,שביעית,2000,"6,330 ₪",8
"האר""י 2",64.6,08/02/2005,"370,000 ₪",11188-118-2,דירה בבית קומות,3,קרקע,1970,"5,728 ₪",3
ללא כתובת,80,07/12/2004,"181,000 ₪",10867-139-3,דירה בבית קומות,3,לא ידוע,0,"2,262 ₪",0
ללא כתובת,49.76,11/11/2004,"323,000 ₪",10867-170-3,דירה בבית קומות,2,ראשונה,0,"6,491 ₪",0
מקור ברוך 18,71.6,20/09/2004,"358,000 ₪",11188-84-29,דירה בבית קומות,3,שלישית,1960,"5,000 ₪",3
ללא כתובת,80,14/06/2004,"430,000 ₪",11188-59-3,דירה בבית קומות,3,רביעית,0,"5,375 ₪",0
ללא כתובת,49.76,22/01/2004,"240,000 ₪",10867-170-7,דירה בבית קומות,2,שלישית,0,"4,823 ₪",0
ללא כתובת,65,31/12/2003,"481,000 ₪",11188-59-4,דירה בבית קומות,3,ראשונה,0,"7,400 ₪",0
ללא כתובת,79,01/12/2003,"598,000 ₪",11188-61-7,דירה בבית קומות,3,שישית,0,"7,570 ₪",0
מקור ברוך 1,55.8,23/11/2003,"493,000 ₪",11188-77-10,דירה בבית קומות,2,ראשונה,1950,"8,835 ₪",2
מקור ברוך 18,62,21/09/2003,"358,000 ₪",11188-84-14,דירה בבית קומות,3,קרקע,1960,"5,774 ₪",3
מקור ברוך 18,51.5,14/04/2003,"346,000 ₪",11188-84-6,דירה בבית קומות,3,שניה,1960,"6,718 ₪",3
מקור ברוך 18,41,11/04/2003,"302,000 ₪",11188-84-8,לא ידוע,2,שלישית,1960,"7,366 ₪",3
ללא כתובת,72.69,24/10/2002,"500,000 ₪",10867-120-1,דירה בבית קומות,3,קרקע,0,"6,944 ₪",0
ללא כתובת,72.69,08/02/1998,"250,000 ₪",10867-120-1,דירה בבית קומות,3,קרקע,0,"6,944 ₪",0
ללא כתובת,80,27/08/2002,"537,000 ₪",11188-57-3,לא ידוע,3,שניה,0,"6,712 ₪",0
אהבת ישראל 12,96,23/07/2002,"576,000 ₪",11188-129-10,משרד,4,חמישית,2007,"6,000 ₪",8
"האר""י 8",64.6,21/07/2002,"376,000 ₪",11188-117-1,לא ידוע,2,קרקע,1960,"5,820 ₪",3
ללא כתובת,85,30/06/2002,"572,000 ₪",11188-59-5,לא ידוע,4,חמישית,0,"6,729 ₪",0
אהבת ישראל 10,85,01/05/2002,"488,000 ₪",11188-128-0,משרד,3,שלישית,2000,"5,741 ₪",8
אהבת ישראל 12,98.75,01/05/2002,"687,000 ₪",11188-129-6,משרד,4,רביעית,2007,"6,957 ₪",8
ללא כתובת,80,24/03/2002,"533,000 ₪",11188-59-6,דירה בבית קומות,4,שביעית,0,"6,662 ₪",0
זבולון 13,34.95,18/02/2002,"149,000 ₪",10907-34-15,לא ידוע,2,קרקע,1950,"4,382 ₪",3
זבולון 13,34.95,20/02/2001,"90,000 ₪",10907-34-15,לא ידוע,2,קרקע,1950,"4,382 ₪",3
זבולון 13,34.95,03/10/1999,"255,000 ₪",10907-34-15,לא ידוע,2,קרקע,1950,"4,382 ₪",3
ללא כתובת,24.52,07/02/2002,"144,000 ₪",10867-121-1,לא ידוע,2,מרתף,0,"5,873 ₪",0
ללא כתובת,120,22/01/2002,"664,000 ₪",11188-59-7,לא ידוע,5,שניה,0,"5,533 ₪",0
ללא כתובת,122,18/01/2002,"677,000 ₪",11188-59-8,לא ידוע,לא ידוע,שביעית,0,"5,549 ₪",0
ללא כתובת,110,30/10/2001,"622,000 ₪",11188-61-5,דירה בבית קומות,4,לא ידוע,0,"5,655 ₪",0
ללא כתובת,61.6,09/09/2001,"425,000 ₪",10867-182-2,לא ידוע,4,קרקע,0,"6,899 ₪",0
הרב קניאל 11,70,07/09/2001,"214,000 ₪",10870-98-0,לא ידוע,3,שניה,1970,"3,057 ₪",22
ללא כתובת,100,28/08/2001,"610,000 ₪",11188-61-4,דירה בבית קומות,3.5,לא ידוע,0,"6,100 ₪",0
ללא כתובת,100,30/07/2001,"609,000 ₪",11188-61-3,דירה בבית קומות,3,לא ידוע,0,"6,090 ₪",0
ללא כתובת,80,17/06/2001,"665,000 ₪",11188-61-2,דירה בבית קומות,3,לא ידוע,0,"8,312 ₪",0
"האר""י 8",75.3,27/11/2000,"420,000 ₪",11188-117-6,לא ידוע,3,שניה,1960,"5,578 ₪",3
ללא כתובת,100,08/08/2000,"366,000 ₪",10867-139-2,לא ידוע,4,ראשונה,0,"3,660 ₪",0
מקור ברוך 2,105.15,12/06/2000,"415,000 ₪",11188-97-12,לא ידוע,4.5,שלישית,1960,"3,947 ₪",3
ללא כתובת,70,06/06/2000,"528,000 ₪",11190-3-1,לא ידוע,3,שביעית,0,"7,543 ₪",0
הרב קניאל 11,83.1,21/05/2000,"523,000 ₪",10870-98-55,לא ידוע,4,תשיעית,1970,"6,294 ₪",22
ללא כתובת,110,05/04/2000,"349,000 ₪",10867-139-1,לא ידוע,4,לא ידוע,0,"3,173 ₪",0
ללא כתובת,560,04/04/2000,"4,091,000 ₪",11188-61-1,דירה בבית קומות,1,לא ידוע,0,"7,305 ₪",0
ללא כתובת,50.23,08/04/1999,"314,000 ₪",10867-169-6,לא ידוע,2,שלישית,0,"6,251 ₪",0
זבולון 9,46.6,01/02/1999,"289,000 ₪",10907-30-3,לא ידוע,2,קרקע,1950,"6,202 ₪",3
מקור ברוך 1,55.8,13/01/1999,"326,000 ₪",11188-77-8,לא ידוע,2,קרקע,1950,"5,842 ₪",2
מקור ברוך 18,48.3,08/12/1998,"313,000 ₪",11188-84-13,לא ידוע,2,קרקע,1960,"6,480 ₪",3
מקור ברוך 3,51.7,19/08/1998,"295,000 ₪",11188-77-20,לא ידוע,2,ראשונה,1950,"5,706 ₪",2
ארנון 6,54.7,01/03/1998,"304,000 ₪",10907-35-6,לא ידוע,2,שלישית,1950,"5,558 ₪",3
מקור ברוך 8,55.8,18/02/1998,"309,000 ₪",11188-98-8,לא ידוע,2,ראשונה,1960,"5,538 ₪",3
